Excipient,Tablet,CP,Family,AoR,D10,D25,D50,D75,D90,Span,MPS,BD,TD,HR,CI,Y,K,E,DR5,DR20,DR45,DR75,DR105,DR150,DR210
PH-101,MUPS,20,PH,38.21689545,17.35,31.05,49.8,68.5,81.94,1.296987952,49.83,0.3229,0.4967692308,1.538461538,0.35,48.48,80.68,19.32,0.47,0.53,0.55,0.63,0.46,0.29,0.14
PH-101,MUPS,20,PH,38.21689545,17.35,31.05,49.8,68.5,81.94,1.296987952,49.83,0.3229,0.4967692308,1.538461538,0.35,48.48,87.80,12.20,0.11,0.43,0.49,0.65,0.57,0.28,0.16
PH-101,MUPS,20,PH,38.21689545,17.35,31.05,49.8,68.5,81.94,1.296987952,49.83,0.3229,0.4967692308,1.538461538,0.35,48.48,80.25,19.75,0.36,0.55,0.53,0.60,0.56,0.29,0.11
PH-101,MUPS,20,PH,38.21689545,17.35,31.05,49.8,68.5,81.94,1.296987952,49.83,0.3229,0.4967692308,1.538461538,0.35,48.48,83.53,16.47,0.32,0.48,0.55,0.63,0.47,0.27,0.16
PH-101,MUPS,40,PH,38.21689545,17.35,31.05,49.8,68.5,81.94,1.296987952,49.83,0.3229,0.4967692308,1.538461538,0.35,48.48,62.98,37.02,0.72,0.86,0.75,0.59,0.58,0.15,0.07
PH-101,MUPS,40,PH,38.21689545,17.35,31.05,49.8,68.5,81.94,1.296987952,49.83,0.3229,0.4967692308,1.538461538,0.35,48.48,61.83,38.17,0.89,0.98,0.85,0.53,0.41,0.17,0.10
PH-101,MUPS,40,PH,38.21689545,17.35,31.05,49.8,68.5,81.94,1.296987952,49.83,0.3229,0.4967692308,1.538461538,0.35,48.48,65.78,34.22,1.19,0.86,0.66,0.46,0.41,0.25,0.10
PH-101,MUPS,40,PH,38.21689545,17.35,31.05,49.8,68.5,81.94,1.296987952,49.83,0.3229,0.4967692308,1.538461538,0.35,48.48,56.80,43.20,1.64,1.13,0.62,0.44,0.29,0.14,0.13
PH-101,MUPS,60,PH,38.21689545,17.35,31.05,49.8,68.5,81.94,1.296987952,49.83,0.3229,0.4967692308,1.538461538,0.35,48.48,34.99,65.01,3.21,1.34,0.58,0.42,0.10,0.07,0.04
PH-101,MUPS,60,PH,38.21689545,17.35,31.05,49.8,68.5,81.94,1.296987952,49.83,0.3229,0.4967692308,1.538461538,0.35,48.48,33.84,66.16,2.10,1.57,0.88,0.32,0.21,0.06,-0.01
PH-101,MUPS,60,PH,38.21689545,17.35,31.05,49.8,68.5,81.94,1.296987952,49.83,0.3229,0.4967692308,1.538461538,0.35,48.48,36.35,63.65,1.80,1.48,0.90,0.47,0.27,0.06,-0.02
PH-101,MUPS,60,PH,38.21689545,17.35,31.05,49.8,68.5,81.94,1.296987952,49.83,0.3229,0.4967692308,1.538461538,0.35,48.48,27.15,72.85,2.41,1.75,0.90,0.23,0.20,0.03,-0.04
PH-101,MUPS,60,PH,38.21689545,17.35,31.05,49.8,68.5,81.94,1.296987952,49.83,0.3229,0.4967692308,1.538461538,0.35,48.48,40.03,59.97,2.85,1.32,0.60,0.37,0.22,0.10,0.04
PH-101,MUPS,60,PH,38.21689545,17.35,31.05,49.8,68.5,81.94,1.296987952,49.83,0.3229,0.4967692308,1.538461538,0.35,48.48,42.16,57.84,2.21,1.22,0.77,0.37,0.32,0.08,0.03
PH-101,MUPS,80,PH,38.21689545,17.35,31.05,49.8,68.5,81.94,1.296987952,49.83,0.3229,0.4967692308,1.538461538,0.35,48.48,24.39,75.61,3.59,2.07,0.55,0.08,0.05,0.05,0.02
PH-101,MUPS,80,PH,38.21689545,17.35,31.05,49.8,68.5,81.94,1.296987952,49.83,0.3229,0.4967692308,1.538461538,0.35,48.48,16.54,83.46,5.34,1.58,0.37,0.04,0.14,-0.03,0.02
PH-101,MUPS,80,PH,38.21689545,17.35,31.05,49.8,68.5,81.94,1.296987952,49.83,0.3229,0.4967692308,1.538461538,0.35,48.48,19.21,80.79,4.60,1.73,0.33,0.13,0.12,-0.01,0.02
PH-101,MUPS,80,PH,38.21689545,17.35,31.05,49.8,68.5,81.94,1.296987952,49.83,0.3229,0.4967692308,1.538461538,0.35,48.48,19.04,80.96,4.00,1.96,0.54,0.08,0.03,0.01,0.00
PH-101,MUPS,80,PH,38.21689545,17.35,31.05,49.8,68.5,81.94,1.296987952,49.83,0.3229,0.4967692308,1.538461538,0.35,48.48,27.31,72.69,3.30,1.76,0.52,0.14,0.13,0.09,-0.01
PH-101,MUPS,80,PH,38.21689545,17.35,31.05,49.8,68.5,81.94,1.296987952,49.83,0.3229,0.4967692308,1.538461538,0.35,48.48,22.44,77.56,4.03,1.69,0.50,0.23,0.04,0.02,0.01
PH-101,MUPS,20,PH,38.21689545,17.35,31.05,49.8,68.5,81.94,1.296987952,49.83,0.3229,0.4967692308,1.538461538,0.35,48.48,86.41,13.59,0.33,0.57,0.60,0.58,0.46,0.23,0.17
PH-101,MUPS,20,PH,38.21689545,17.35,31.05,49.8,68.5,81.94,1.296987952,49.83,0.3229,0.4967692308,1.538461538,0.35,48.48,93.77,6.23,0.42,0.42,0.41,0.46,0.44,0.40,0.13
PH-101,MUPS,20,PH,38.21689545,17.35,31.05,49.8,68.5,81.94,1.296987952,49.83,0.3229,0.4967692308,1.538461538,0.35,48.48,88.89,11.11,0.53,0.45,0.56,0.53,0.45,0.24,0.19
PH-101,MUPS,20,PH,38.21689545,17.35,31.05,49.8,68.5,81.94,1.296987952,49.83,0.3229,0.4967692308,1.538461538,0.35,48.48,87.97,12.03,0.42,0.37,0.54,0.55,0.56,0.27,0.12
PH-101,MUPS,40,PH,38.21689545,17.35,31.05,49.8,68.5,81.94,1.296987952,49.83,0.3229,0.4967692308,1.538461538,0.35,48.48,67.26,32.74,0.72,0.86,0.75,0.59,0.58,0.15,0.07
PH-101,MUPS,40,PH,38.21689545,17.35,31.05,49.8,68.5,81.94,1.296987952,49.83,0.3229,0.4967692308,1.538461538,0.35,48.48,66.03,33.97,0.89,0.98,0.85,0.53,0.41,0.17,0.10
PH-101,MUPS,40,PH,38.21689545,17.35,31.05,49.8,68.5,81.94,1.296987952,49.83,0.3229,0.4967692308,1.538461538,0.35,48.48,70.25,29.75,1.19,0.86,0.66,0.46,0.41,0.25,0.10
PH-101,MUPS,40,PH,38.21689545,17.35,31.05,49.8,68.5,81.94,1.296987952,49.83,0.3229,0.4967692308,1.538461538,0.35,48.48,60.66,39.34,1.64,1.13,0.62,0.44,0.29,0.14,0.13
PH-101,MUPS,60,PH,38.21689545,17.35,31.05,49.8,68.5,81.94,1.296987952,49.83,0.3229,0.4967692308,1.538461538,0.35,48.48,66.08,33.92,1.20,0.78,0.86,0.53,0.32,0.18,0.11
PH-101,MUPS,60,PH,38.21689545,17.35,31.05,49.8,68.5,81.94,1.296987952,49.83,0.3229,0.4967692308,1.538461538,0.35,48.48,72.21,27.79,0.96,0.86,0.67,0.46,0.46,0.20,0.13
PH-101,MUPS,60,PH,38.21689545,17.35,31.05,49.8,68.5,81.94,1.296987952,49.83,0.3229,0.4967692308,1.538461538,0.35,48.48,56.91,43.09,1.45,1.14,0.65,0.51,0.31,0.13,0.07
PH-101,MUPS,60,PH,38.21689545,17.35,31.05,49.8,68.5,81.94,1.296987952,49.83,0.3229,0.4967692308,1.538461538,0.35,48.48,59.34,40.66,1.17,1.11,0.85,0.50,0.29,0.13,0.09
PH-101,MUPS,80,PH,38.21689545,17.35,31.05,49.8,68.5,81.94,1.296987952,49.83,0.3229,0.4967692308,1.538461538,0.35,48.48,34.19,65.81,2.63,1.57,0.69,0.32,0.11,0.05,0.02
PH-101,MUPS,80,PH,38.21689545,17.35,31.05,49.8,68.5,81.94,1.296987952,49.83,0.3229,0.4967692308,1.538461538,0.35,48.48,35.67,64.33,2.09,1.76,0.88,0.28,0.14,0.05,0.02
PH-101,MUPS,80,PH,38.21689545,17.35,31.05,49.8,68.5,81.94,1.296987952,49.83,0.3229,0.4967692308,1.538461538,0.35,48.48,47.23,52.77,1.94,1.44,0.66,0.38,0.32,0.07,0.06
PH-101,MUPS,80,PH,38.21689545,17.35,31.05,49.8,68.5,81.94,1.296987952,49.83,0.3229,0.4967692308,1.538461538,0.35,48.48,43.73,56.27,1.75,1.58,0.83,0.43,0.23,0.09,0.02
PH-102,MUPS,20,PH,26.50487674,35.62,72.07,125.3,168.4,200.4,1.315083799,121.7,0.3252,0.4782352941,1.470588235,0.32,46.64,103.83,0.00,0.24,0.12,0.36,0.49,0.56,0.39,0.24
PH-102,MUPS,20,PH,26.50487674,35.62,72.07,125.3,168.4,200.4,1.315083799,121.7,0.3252,0.4782352941,1.470588235,0.32,46.64,87.80,12.20,0.68,0.52,0.57,0.56,0.42,0.28,0.16
PH-102,MUPS,20,PH,26.50487674,35.62,72.07,125.3,168.4,200.4,1.315083799,121.7,0.3252,0.4782352941,1.470588235,0.32,46.64,75.22,24.78,0.98,0.57,0.50,0.39,0.47,0.22,0.15
PH-102,MUPS,20,PH,26.50487674,35.62,72.07,125.3,168.4,200.4,1.315083799,121.7,0.3252,0.4782352941,1.470588235,0.32,46.64,79.57,20.43,0.57,0.52,0.64,0.55,0.37,0.32,0.14
PH-102,MUPS,40,PH,26.50487674,35.62,72.07,125.3,168.4,200.4,1.315083799,121.7,0.3252,0.4782352941,1.470588235,0.32,46.64,62.30,37.70,2.26,0.65,0.50,0.44,0.31,0.17,0.16
PH-102,MUPS,40,PH,26.50487674,35.62,72.07,125.3,168.4,200.4,1.315083799,121.7,0.3252,0.4782352941,1.470588235,0.32,46.64,70.06,29.94,0.93,0.86,0.69,0.45,0.32,0.25,0.15
PH-102,MUPS,40,PH,26.50487674,35.62,72.07,125.3,168.4,200.4,1.315083799,121.7,0.3252,0.4782352941,1.470588235,0.32,46.64,64.31,35.69,0.79,0.73,0.77,0.61,0.38,0.23,0.05
PH-102,MUPS,40,PH,26.50487674,35.62,72.07,125.3,168.4,200.4,1.315083799,121.7,0.3252,0.4782352941,1.470588235,0.32,46.64,67.89,32.11,0.91,0.94,0.64,0.50,0.33,0.24,0.13
PH-102,MUPS,60,PH,26.50487674,35.62,72.07,125.3,168.4,200.4,1.315083799,121.7,0.3252,0.4782352941,1.470588235,0.32,46.64,45.99,54.01,2.21,1.44,0.59,0.34,0.24,0.15,0.06
PH-102,MUPS,60,PH,26.50487674,35.62,72.07,125.3,168.4,200.4,1.315083799,121.7,0.3252,0.4782352941,1.470588235,0.32,46.64,46.81,53.19,1.13,0.90,0.65,0.55,0.37,0.20,0.12
PH-102,MUPS,60,PH,26.50487674,35.62,72.07,125.3,168.4,200.4,1.315083799,121.7,0.3252,0.4782352941,1.470588235,0.32,46.64,46.93,53.07,1.65,1.33,0.70,0.46,0.43,0.06,0.05
PH-102,MUPS,60,PH,26.50487674,35.62,72.07,125.3,168.4,200.4,1.315083799,121.7,0.3252,0.4782352941,1.470588235,0.32,46.64,40.03,59.97,1.92,1.56,0.63,0.33,0.31,0.11,0.08
PH-102,MUPS,60,PH,26.50487674,35.62,72.07,125.3,168.4,200.4,1.315083799,121.7,0.3252,0.4782352941,1.470588235,0.32,46.64,42.16,57.84,2.21,1.22,0.77,0.37,0.32,0.08,0.03
PH-102,MUPS,80,PH,26.50487674,35.62,72.07,125.3,168.4,200.4,1.315083799,121.7,0.3252,0.4782352941,1.470588235,0.32,46.64,28.60,71.40,3.50,1.74,0.64,0.20,0.10,0.03,0.05
PH-102,MUPS,80,PH,26.50487674,35.62,72.07,125.3,168.4,200.4,1.315083799,121.7,0.3252,0.4782352941,1.470588235,0.32,46.64,18.37,81.63,4.57,1.61,0.57,0.10,0.01,0.02,0.00
PH-102,MUPS,80,PH,26.50487674,35.62,72.07,125.3,168.4,200.4,1.315083799,121.7,0.3252,0.4782352941,1.470588235,0.32,46.64,21.19,78.81,3.85,1.72,0.55,0.26,0.07,0.03,-0.03
PH-102,MUPS,80,PH,26.50487674,35.62,72.07,125.3,168.4,200.4,1.315083799,121.7,0.3252,0.4782352941,1.470588235,0.32,46.64,27.31,72.69,3.30,1.76,0.52,0.14,0.13,0.09,-0.01
PH-102,MUPS,80,PH,26.50487674,35.62,72.07,125.3,168.4,200.4,1.315083799,121.7,0.3252,0.4782352941,1.470588235,0.32,46.64,22.44,77.56,4.03,1.69,0.50,0.23,0.04,0.02,0.01
PH-102,MUPS,20,PH,26.50487674,35.62,72.07,125.3,168.4,200.4,1.315083799,121.7,0.3252,0.4782352941,1.470588235,0.32,46.64,86.03,13.97,0.81,0.56,0.60,0.60,0.40,0.35,0.17
PH-102,MUPS,20,PH,26.50487674,35.62,72.07,125.3,168.4,200.4,1.315083799,121.7,0.3252,0.4782352941,1.470588235,0.32,46.64,81.81,18.19,0.92,0.47,0.53,0.52,0.41,0.29,0.12
PH-102,MUPS,20,PH,26.50487674,35.62,72.07,125.3,168.4,200.4,1.315083799,121.7,0.3252,0.4782352941,1.470588235,0.32,46.64,75.14,24.86,0.70,0.65,0.60,0.42,0.47,0.22,0.09
PH-102,MUPS,20,PH,26.50487674,35.62,72.07,125.3,168.4,200.4,1.315083799,121.7,0.3252,0.4782352941,1.470588235,0.32,46.64,91.27,8.73,0.41,0.43,0.60,0.43,0.44,0.30,0.17
PH-102,MUPS,40,PH,26.50487674,35.62,72.07,125.3,168.4,200.4,1.315083799,121.7,0.3252,0.4782352941,1.470588235,0.32,46.64,75.52,24.48,0.68,0.76,0.68,0.53,0.30,0.24,0.12
PH-102,MUPS,40,PH,26.50487674,35.62,72.07,125.3,168.4,200.4,1.315083799,121.7,0.3252,0.4782352941,1.470588235,0.32,46.64,78.64,21.36,0.75,0.75,0.67,0.45,0.42,0.26,0.14
PH-102,MUPS,40,PH,26.50487674,35.62,72.07,125.3,168.4,200.4,1.315083799,121.7,0.3252,0.4782352941,1.470588235,0.32,46.64,69.38,30.62,0.73,0.80,0.72,0.63,0.31,0.24,0.07
PH-102,MUPS,40,PH,26.50487674,35.62,72.07,125.3,168.4,200.4,1.315083799,121.7,0.3252,0.4782352941,1.470588235,0.32,46.64,78.45,21.55,0.72,0.71,0.67,0.52,0.45,0.21,0.16
PH-102,MUPS,60,PH,26.50487674,35.62,72.07,125.3,168.4,200.4,1.315083799,121.7,0.3252,0.4782352941,1.470588235,0.32,46.64,62.70,37.30,1.20,1.17,0.68,0.52,0.30,0.16,0.11
PH-102,MUPS,60,PH,26.50487674,35.62,72.07,125.3,168.4,200.4,1.315083799,121.7,0.3252,0.4782352941,1.470588235,0.32,46.64,62.73,37.27,0.88,1.20,0.89,0.41,0.28,0.16,0.11
PH-102,MUPS,60,PH,26.50487674,35.62,72.07,125.3,168.4,200.4,1.315083799,121.7,0.3252,0.4782352941,1.470588235,0.32,46.64,63.78,36.22,1.25,0.95,0.74,0.41,0.38,0.20,0.08
PH-102,MUPS,60,PH,26.50487674,35.62,72.07,125.3,168.4,200.4,1.315083799,121.7,0.3252,0.4782352941,1.470588235,0.32,46.64,47.81,52.19,1.37,1.52,0.87,0.40,0.21,0.10,0.05
PH-102,MUPS,80,PH,26.50487674,35.62,72.07,125.3,168.4,200.4,1.315083799,121.7,0.3252,0.4782352941,1.470588235,0.32,46.64,33.95,66.05,2.36,1.89,0.73,0.18,0.17,0.05,0.02
PH-102,MUPS,80,PH,26.50487674,35.62,72.07,125.3,168.4,200.4,1.315083799,121.7,0.3252,0.4782352941,1.470588235,0.32,46.64,30.40,69.60,2.48,1.96,0.60,0.27,0.11,0.04,0.00
PH-102,MUPS,80,PH,26.50487674,35.62,72.07,125.3,168.4,200.4,1.315083799,121.7,0.3252,0.4782352941,1.470588235,0.32,46.64,33.31,66.69,2.35,1.83,0.74,0.21,0.11,0.06,0.02
PH-102,MUPS,80,PH,26.50487674,35.62,72.07,125.3,168.4,200.4,1.315083799,121.7,0.3252,0.4782352941,1.470588235,0.32,46.64,44.21,55.79,1.76,1.63,0.89,0.30,0.14,0.10,0.06
UF-702,MUPS,20,UF,23.99283692,38.47,78.95,127.9,166.9,196.9,1.238702111,123,0.3051,0.42375,1.388888889,0.28,45.98,75.22,24.78,0.43,0.65,0.72,0.59,0.37,0.27,0.13
UF-702,MUPS,20,UF,23.99283692,38.47,78.95,127.9,166.9,196.9,1.238702111,123,0.3051,0.42375,1.388888889,0.28,45.98,86.36,13.64,0.17,0.54,0.60,0.62,0.55,0.31,0.18
UF-702,MUPS,20,UF,23.99283692,38.47,78.95,127.9,166.9,196.9,1.238702111,123,0.3051,0.42375,1.388888889,0.28,45.98,85.29,14.71,0.14,0.38,0.57,0.63,0.54,0.33,0.11
UF-702,MUPS,20,UF,23.99283692,38.47,78.95,127.9,166.9,196.9,1.238702111,123,0.3051,0.42375,1.388888889,0.28,45.98,86.98,13.02,0.48,0.42,0.50,0.53,0.53,0.29,0.19
UF-702,MUPS,40,UF,23.99283692,38.47,78.95,127.9,166.9,196.9,1.238702111,123,0.3051,0.42375,1.388888889,0.28,45.98,65.98,34.02,1.00,0.90,0.60,0.56,0.43,0.23,0.10
UF-702,MUPS,40,UF,23.99283692,38.47,78.95,127.9,166.9,196.9,1.238702111,123,0.3051,0.42375,1.388888889,0.28,45.98,59.93,40.07,0.55,0.54,0.79,0.58,0.44,0.25,0.15
UF-702,MUPS,40,UF,23.99283692,38.47,78.95,127.9,166.9,196.9,1.238702111,123,0.3051,0.42375,1.388888889,0.28,45.98,68.27,31.73,0.87,0.96,0.77,0.54,0.31,0.22,0.05
UF-702,MUPS,40,UF,23.99283692,38.47,78.95,127.9,166.9,196.9,1.238702111,123,0.3051,0.42375,1.388888889,0.28,45.98,58.79,41.21,0.99,0.73,0.64,0.45,0.40,0.27,0.09
UF-702,MUPS,60,UF,23.99283692,38.47,78.95,127.9,166.9,196.9,1.238702111,123,0.3051,0.42375,1.388888889,0.28,45.98,43.28,56.72,1.65,1.23,1.02,0.58,0.21,0.08,0.03
UF-702,MUPS,60,UF,23.99283692,38.47,78.95,127.9,166.9,196.9,1.238702111,123,0.3051,0.42375,1.388888889,0.28,45.98,34.03,65.97,2.27,1.83,0.89,0.28,0.03,0.10,0.03
UF-702,MUPS,60,UF,23.99283692,38.47,78.95,127.9,166.9,196.9,1.238702111,123,0.3051,0.42375,1.388888889,0.28,45.98,36.36,63.64,2.67,1.62,0.66,0.30,0.22,0.06,0.04
UF-702,MUPS,60,UF,23.99283692,38.47,78.95,127.9,166.9,196.9,1.238702111,123,0.3051,0.42375,1.388888889,0.28,45.98,28.37,71.63,2.94,1.82,0.59,0.25,0.14,0.06,0.00
UF-702,MUPS,60,UF,23.99283692,38.47,78.95,127.9,166.9,196.9,1.238702111,123,0.3051,0.42375,1.388888889,0.28,45.98,40.03,59.97,2.85,1.32,0.60,0.37,0.22,0.10,0.04
UF-702,MUPS,60,UF,23.99283692,38.47,78.95,127.9,166.9,196.9,1.238702111,123,0.3051,0.42375,1.388888889,0.28,45.98,42.16,57.84,2.21,1.22,0.77,0.37,0.32,0.08,0.03
UF-702,MUPS,80,UF,23.99283692,38.47,78.95,127.9,166.9,196.9,1.238702111,123,0.3051,0.42375,1.388888889,0.28,45.98,15.29,84.71,4.78,1.86,0.35,0.08,0.02,0.03,-0.02
UF-702,MUPS,80,UF,23.99283692,38.47,78.95,127.9,166.9,196.9,1.238702111,123,0.3051,0.42375,1.388888889,0.28,45.98,19.03,80.97,3.66,2.12,0.58,0.16,0.05,-0.03,0.01
UF-702,MUPS,80,UF,23.99283692,38.47,78.95,127.9,166.9,196.9,1.238702111,123,0.3051,0.42375,1.388888889,0.28,45.98,23.76,76.24,3.75,1.97,0.40,0.18,0.10,0.01,0.03
UF-702,MUPS,80,UF,23.99283692,38.47,78.95,127.9,166.9,196.9,1.238702111,123,0.3051,0.42375,1.388888889,0.28,45.98,16.69,83.31,3.98,2.09,0.44,0.09,0.01,0.02,-0.02
UF-702,MUPS,80,UF,23.99283692,38.47,78.95,127.9,166.9,196.9,1.238702111,123,0.3051,0.42375,1.388888889,0.28,45.98,27.31,72.69,3.30,1.76,0.52,0.14,0.13,0.09,-0.01
UF-702,MUPS,80,UF,23.99283692,38.47,78.95,127.9,166.9,196.9,1.238702111,123,0.3051,0.42375,1.388888889,0.28,45.98,22.44,77.56,4.03,1.69,0.50,0.23,0.04,0.02,0.01
UF-702,MUPS,20,UF,23.99283692,38.47,78.95,127.9,166.9,196.9,1.238702111,123,0.3051,0.42375,1.388888889,0.28,45.98,86.50,13.50,0.12,0.43,0.69,0.67,0.47,0.21,0.15
UF-702,MUPS,20,UF,23.99283692,38.47,78.95,127.9,166.9,196.9,1.238702111,123,0.3051,0.42375,1.388888889,0.28,45.98,93.77,6.23,0.58,0.60,0.55,0.49,0.40,0.24,0.16
UF-702,MUPS,20,UF,23.99283692,38.47,78.95,127.9,166.9,196.9,1.238702111,123,0.3051,0.42375,1.388888889,0.28,45.98,99.17,0.83,0.17,0.35,0.51,0.56,0.36,0.29,0.22
UF-702,MUPS,20,UF,23.99283692,38.47,78.95,127.9,166.9,196.9,1.238702111,123,0.3051,0.42375,1.388888889,0.28,45.98,92.28,7.72,0.69,0.45,0.40,0.43,0.46,0.32,0.17
UF-702,MUPS,40,UF,23.99283692,38.47,78.95,127.9,166.9,196.9,1.238702111,123,0.3051,0.42375,1.388888889,0.28,45.98,66.67,33.33,0.93,1.00,0.76,0.52,0.32,0.16,0.12
UF-702,MUPS,40,UF,23.99283692,38.47,78.95,127.9,166.9,196.9,1.238702111,123,0.3051,0.42375,1.388888889,0.28,45.98,80.95,19.05,0.37,0.66,0.64,0.65,0.40,0.23,0.14
UF-702,MUPS,40,UF,23.99283692,38.47,78.95,127.9,166.9,196.9,1.238702111,123,0.3051,0.42375,1.388888889,0.28,45.98,72.96,27.04,0.39,0.91,0.65,0.63,0.36,0.17,0.12
UF-702,MUPS,40,UF,23.99283692,38.47,78.95,127.9,166.9,196.9,1.238702111,123,0.3051,0.42375,1.388888889,0.28,45.98,67.16,32.84,0.87,0.90,0.70,0.51,0.34,0.22,0.07
UF-702,MUPS,60,UF,23.99283692,38.47,78.95,127.9,166.9,196.9,1.238702111,123,0.3051,0.42375,1.388888889,0.28,45.98,52.36,47.64,1.26,1.39,0.82,0.41,0.14,0.14,0.07
UF-702,MUPS,60,UF,23.99283692,38.47,78.95,127.9,166.9,196.9,1.238702111,123,0.3051,0.42375,1.388888889,0.28,45.98,54.92,45.08,1.29,1.19,0.78,0.42,0.34,0.11,0.07
UF-702,MUPS,60,UF,23.99283692,38.47,78.95,127.9,166.9,196.9,1.238702111,123,0.3051,0.42375,1.388888889,0.28,45.98,53.93,46.07,1.50,1.20,0.69,0.41,0.26,0.16,0.05
UF-702,MUPS,60,UF,23.99283692,38.47,78.95,127.9,166.9,196.9,1.238702111,123,0.3051,0.42375,1.388888889,0.28,45.98,60.66,39.34,1.06,1.06,0.68,0.57,0.25,0.19,0.05
UF-702,MUPS,80,UF,23.99283692,38.47,78.95,127.9,166.9,196.9,1.238702111,123,0.3051,0.42375,1.388888889,0.28,45.98,32.24,67.76,3.22,1.66,0.52,0.32,0.13,0.05,0.02
UF-702,MUPS,80,UF,23.99283692,38.47,78.95,127.9,166.9,196.9,1.238702111,123,0.3051,0.42375,1.388888889,0.28,45.98,31.56,68.44,2.95,1.98,0.48,0.28,0.08,0.02,0.05
UF-702,MUPS,80,UF,23.99283692,38.47,78.95,127.9,166.9,196.9,1.238702111,123,0.3051,0.42375,1.388888889,0.28,45.98,35.96,64.04,1.80,1.84,0.89,0.30,0.24,0.03,0.01
UF-702,MUPS,80,UF,23.99283692,38.47,78.95,127.9,166.9,196.9,1.238702111,123,0.3051,0.42375,1.388888889,0.28,45.98,36.83,63.17,2.43,1.80,0.63,0.28,0.17,0.04,0.05
UF-711,MUPS,20,UF,32.96750161,20.65,33.78,52.05,70.6,81.99,1.178482229,51.85,0.2644,0.4196825397,1.587301587,0.37,45.02,81.05,18.95,0.46,0.50,0.56,0.58,0.54,0.29,0.13
UF-711,MUPS,20,UF,32.96750161,20.65,33.78,52.05,70.6,81.99,1.178482229,51.85,0.2644,0.4196825397,1.587301587,0.37,45.02,92.91,7.09,0.15,0.36,0.53,0.52,0.49,0.32,0.21
UF-711,MUPS,20,UF,32.96750161,20.65,33.78,52.05,70.6,81.99,1.178482229,51.85,0.2644,0.4196825397,1.587301587,0.37,45.02,89.81,10.19,0.30,0.31,0.47,0.50,0.53,0.29,0.17
UF-711,MUPS,20,UF,32.96750161,20.65,33.78,52.05,70.6,81.99,1.178482229,51.85,0.2644,0.4196825397,1.587301587,0.37,45.02,86.73,13.27,0.28,0.41,0.51,0.59,0.50,0.29,0.17
UF-711,MUPS,40,UF,32.96750161,20.65,33.78,52.05,70.6,81.99,1.178482229,51.85,0.2644,0.4196825397,1.587301587,0.37,45.02,66.45,33.55,0.67,0.97,0.69,0.58,0.46,0.19,0.11
UF-711,MUPS,40,UF,32.96750161,20.65,33.78,52.05,70.6,81.99,1.178482229,51.85,0.2644,0.4196825397,1.587301587,0.37,45.02,72.87,27.13,0.88,0.65,0.57,0.52,0.40,0.26,0.12
UF-711,MUPS,40,UF,32.96750161,20.65,33.78,52.05,70.6,81.99,1.178482229,51.85,0.2644,0.4196825397,1.587301587,0.37,45.02,64.47,35.53,0.87,0.86,0.67,0.42,0.44,0.23,0.07
UF-711,MUPS,40,UF,32.96750161,20.65,33.78,52.05,70.6,81.99,1.178482229,51.85,0.2644,0.4196825397,1.587301587,0.37,45.02,61.47,38.53,1.73,0.75,0.58,0.52,0.38,0.21,0.09
UF-711,MUPS,60,UF,32.96750161,20.65,33.78,52.05,70.6,81.99,1.178482229,51.85,0.2644,0.4196825397,1.587301587,0.37,45.02,29.14,70.86,1.95,1.13,0.81,0.41,0.34,0.06,0.08
UF-711,MUPS,60,UF,32.96750161,20.65,33.78,52.05,70.6,81.99,1.178482229,51.85,0.2644,0.4196825397,1.587301587,0.37,45.02,35.06,64.94,2.71,1.61,0.86,0.24,0.18,0.05,-0.02
UF-711,MUPS,60,UF,32.96750161,20.65,33.78,52.05,70.6,81.99,1.178482229,51.85,0.2644,0.4196825397,1.587301587,0.37,45.02,30.27,69.73,2.78,1.66,0.58,0.40,0.09,0.04,0.06
UF-711,MUPS,60,UF,32.96750161,20.65,33.78,52.05,70.6,81.99,1.178482229,51.85,0.2644,0.4196825397,1.587301587,0.37,45.02,40.52,59.48,2.69,1.31,0.55,0.30,0.22,0.09,0.05
UF-711,MUPS,80,UF,32.96750161,20.65,33.78,52.05,70.6,81.99,1.178482229,51.85,0.2644,0.4196825397,1.587301587,0.37,45.02,23.03,76.97,3.48,1.74,0.58,0.21,0.15,-0.02,0.01
UF-711,MUPS,80,UF,32.96750161,20.65,33.78,52.05,70.6,81.99,1.178482229,51.85,0.2644,0.4196825397,1.587301587,0.37,45.02,22.32,77.68,3.71,1.74,0.55,0.26,0.08,0.04,-0.02
UF-711,MUPS,80,UF,32.96750161,20.65,33.78,52.05,70.6,81.99,1.178482229,51.85,0.2644,0.4196825397,1.587301587,0.37,45.02,23.22,76.78,3.35,1.91,0.66,0.25,0.06,-0.02,0.02
UF-711,MUPS,80,UF,32.96750161,20.65,33.78,52.05,70.6,81.99,1.178482229,51.85,0.2644,0.4196825397,1.587301587,0.37,45.02,21.14,78.86,3.67,1.94,0.57,0.23,-0.04,0.07,-0.03
UF-711,MUPS,20,UF,32.96750161,20.65,33.78,52.05,70.6,81.99,1.178482229,51.85,0.2644,0.4196825397,1.587301587,0.37,45.02,92.42,7.58,0.53,0.27,0.49,0.54,0.45,0.28,0.16
UF-711,MUPS,20,UF,32.96750161,20.65,33.78,52.05,70.6,81.99,1.178482229,51.85,0.2644,0.4196825397,1.587301587,0.37,45.02,96.10,3.90,0.61,0.32,0.43,0.48,0.52,0.30,0.20
UF-711,MUPS,20,UF,32.96750161,20.65,33.78,52.05,70.6,81.99,1.178482229,51.85,0.2644,0.4196825397,1.587301587,0.37,45.02,96.73,3.27,0.44,0.24,0.47,0.63,0.48,0.34,0.17
UF-711,MUPS,20,UF,32.96750161,20.65,33.78,52.05,70.6,81.99,1.178482229,51.85,0.2644,0.4196825397,1.587301587,0.37,45.02,95.90,4.10,0.51,0.24,0.37,0.70,0.44,0.30,0.18
UF-711,MUPS,40,UF,32.96750161,20.65,33.78,52.05,70.6,81.99,1.178482229,51.85,0.2644,0.4196825397,1.587301587,0.37,45.02,71.13,28.87,1.11,0.93,0.47,0.44,0.39,0.22,0.11
UF-711,MUPS,40,UF,32.96750161,20.65,33.78,52.05,70.6,81.99,1.178482229,51.85,0.2644,0.4196825397,1.587301587,0.37,45.02,74.97,25.03,0.61,0.71,0.72,0.51,0.37,0.20,0.12
UF-711,MUPS,40,UF,32.96750161,20.65,33.78,52.05,70.6,81.99,1.178482229,51.85,0.2644,0.4196825397,1.587301587,0.37,45.02,69.90,30.10,1.47,0.74,0.68,0.53,0.28,0.21,0.14
UF-711,MUPS,40,UF,32.96750161,20.65,33.78,52.05,70.6,81.99,1.178482229,51.85,0.2644,0.4196825397,1.587301587,0.37,45.02,72.25,27.75,1.19,0.74,0.62,0.50,0.32,0.23,0.12
UF-711,MUPS,60,UF,32.96750161,20.65,33.78,52.05,70.6,81.99,1.178482229,51.85,0.2644,0.4196825397,1.587301587,0.37,45.02,58.42,41.58,1.53,0.98,0.79,0.41,0.26,0.17,0.08
UF-711,MUPS,60,UF,32.96750161,20.65,33.78,52.05,70.6,81.99,1.178482229,51.85,0.2644,0.4196825397,1.587301587,0.37,45.02,61.15,38.85,1.40,1.03,0.72,0.44,0.34,0.17,0.09
UF-711,MUPS,60,UF,32.96750161,20.65,33.78,52.05,70.6,81.99,1.178482229,51.85,0.2644,0.4196825397,1.587301587,0.37,45.02,50.20,49.80,1.67,1.39,0.79,0.31,0.30,0.11,0.07
UF-711,MUPS,60,UF,32.96750161,20.65,33.78,52.05,70.6,81.99,1.178482229,51.85,0.2644,0.4196825397,1.587301587,0.37,45.02,47.05,52.95,2.36,1.17,0.59,0.43,0.24,0.13,0.03
UF-711,MUPS,80,UF,32.96750161,20.65,33.78,52.05,70.6,81.99,1.178482229,51.85,0.2644,0.4196825397,1.587301587,0.37,45.02,25.71,74.29,3.14,2.05,0.66,0.04,0.08,0.04,0.01
UF-711,MUPS,80,UF,32.96750161,20.65,33.78,52.05,70.6,81.99,1.178482229,51.85,0.2644,0.4196825397,1.587301587,0.37,45.02,28.56,71.44,3.01,1.87,0.73,0.12,0.10,0.03,0.02
UF-711,MUPS,80,UF,32.96750161,20.65,33.78,52.05,70.6,81.99,1.178482229,51.85,0.2644,0.4196825397,1.587301587,0.37,45.02,40.58,59.42,2.54,1.54,0.66,0.36,0.14,0.01,0.10
UF-711,MUPS,80,UF,32.96750161,20.65,33.78,52.05,70.6,81.99,1.178482229,51.85,0.2644,0.4196825397,1.587301587,0.37,45.02,37.40,62.60,3.12,1.40,0.56,0.27,0.21,0.03,0.06
KG-802,MUPS,20,KG,37.26815434,18.06,30.97,49.05,68.51,80.68,1.276656473,49.28,0.2562,0.427,1.666666667,0.4,45.72,88.27,11.73,0.54,0.36,0.43,0.50,0.49,0.26,0.20
KG-802,MUPS,20,KG,37.26815434,18.06,30.97,49.05,68.51,80.68,1.276656473,49.28,0.2562,0.427,1.666666667,0.4,45.72,87.80,12.20,1.02,0.49,0.46,0.47,0.45,0.26,0.19
KG-802,MUPS,20,KG,37.26815434,18.06,30.97,49.05,68.51,80.68,1.276656473,49.28,0.2562,0.427,1.666666667,0.4,45.72,72.50,27.50,0.63,0.84,0.60,0.60,0.39,0.23,0.14
KG-802,MUPS,20,KG,37.26815434,18.06,30.97,49.05,68.51,80.68,1.276656473,49.28,0.2562,0.427,1.666666667,0.4,45.72,75.86,24.14,0.85,0.71,0.59,0.62,0.43,0.28,0.16
KG-802,MUPS,40,KG,37.26815434,18.06,30.97,49.05,68.51,80.68,1.276656473,49.28,0.2562,0.427,1.666666667,0.4,45.72,51.68,48.32,1.53,0.74,0.39,0.38,0.34,0.22,0.16
KG-802,MUPS,40,KG,37.26815434,18.06,30.97,49.05,68.51,80.68,1.276656473,49.28,0.2562,0.427,1.666666667,0.4,45.72,44.58,55.42,1.89,1.35,0.70,0.47,0.28,0.13,0.02
KG-802,MUPS,40,KG,37.26815434,18.06,30.97,49.05,68.51,80.68,1.276656473,49.28,0.2562,0.427,1.666666667,0.4,45.72,61.60,38.40,1.45,0.78,0.58,0.39,0.43,0.21,0.07
KG-802,MUPS,40,KG,37.26815434,18.06,30.97,49.05,68.51,80.68,1.276656473,49.28,0.2562,0.427,1.666666667,0.4,45.72,58.39,41.61,1.81,0.90,0.52,0.44,0.31,0.23,0.07
KG-802,MUPS,60,KG,37.26815434,18.06,30.97,49.05,68.51,80.68,1.276656473,49.28,0.2562,0.427,1.666666667,0.4,45.72,34.10,65.90,2.13,1.79,0.77,0.39,0.14,0.06,0.01
KG-802,MUPS,60,KG,37.26815434,18.06,30.97,49.05,68.51,80.68,1.276656473,49.28,0.2562,0.427,1.666666667,0.4,45.72,29.40,70.60,2.00,1.97,0.79,0.30,0.12,0.05,-0.02
KG-802,MUPS,60,KG,37.26815434,18.06,30.97,49.05,68.51,80.68,1.276656473,49.28,0.2562,0.427,1.666666667,0.4,45.72,33.34,66.66,2.00,1.90,0.82,0.33,0.10,0.02,0.04
KG-802,MUPS,60,KG,37.26815434,18.06,30.97,49.05,68.51,80.68,1.276656473,49.28,0.2562,0.427,1.666666667,0.4,45.72,28.29,71.71,2.21,1.22,0.77,0.37,0.32,0.08,0.03
KG-802,MUPS,80,KG,37.26815434,18.06,30.97,49.05,68.51,80.68,1.276656473,49.28,0.2562,0.427,1.666666667,0.4,45.72,21.32,78.68,3.07,2.25,0.62,0.12,0.02,0.00,0.01
KG-802,MUPS,80,KG,37.26815434,18.06,30.97,49.05,68.51,80.68,1.276656473,49.28,0.2562,0.427,1.666666667,0.4,45.72,21.13,78.87,2.18,2.58,0.77,0.03,0.10,-0.04,0.01
KG-802,MUPS,80,KG,37.26815434,18.06,30.97,49.05,68.51,80.68,1.276656473,49.28,0.2562,0.427,1.666666667,0.4,45.72,23.54,76.46,2.42,2.14,0.90,0.02,0.09,0.00,0.01
KG-802,MUPS,80,KG,37.26815434,18.06,30.97,49.05,68.51,80.68,1.276656473,49.28,0.2562,0.427,1.666666667,0.4,45.72,26.73,73.27,2.65,2.21,0.67,0.19,0.02,0.01,0.04
KG-802,MUPS,20,KG,37.26815434,18.06,30.97,49.05,68.51,80.68,1.276656473,49.28,0.2562,0.427,1.666666667,0.4,45.72,81.62,18.38,1.05,0.51,0.48,0.51,0.37,0.26,0.15
KG-802,MUPS,20,KG,37.26815434,18.06,30.97,49.05,68.51,80.68,1.276656473,49.28,0.2562,0.427,1.666666667,0.4,45.72,93.77,6.23,0.60,0.60,0.63,0.51,0.38,0.24,0.14
KG-802,MUPS,20,KG,37.26815434,18.06,30.97,49.05,68.51,80.68,1.276656473,49.28,0.2562,0.427,1.666666667,0.4,45.72,94.17,5.83,0.53,0.37,0.42,0.50,0.48,0.28,0.18
KG-802,MUPS,20,KG,37.26815434,18.06,30.97,49.05,68.51,80.68,1.276656473,49.28,0.2562,0.427,1.666666667,0.4,45.72,97.35,2.65,0.48,0.30,0.37,0.55,0.50,0.34,0.17
KG-802,MUPS,40,KG,37.26815434,18.06,30.97,49.05,68.51,80.68,1.276656473,49.28,0.2562,0.427,1.666666667,0.4,45.72,63.70,36.30,0.92,0.89,0.75,0.61,0.27,0.20,0.05
KG-802,MUPS,40,KG,37.26815434,18.06,30.97,49.05,68.51,80.68,1.276656473,49.28,0.2562,0.427,1.666666667,0.4,45.72,76.38,23.62,0.99,0.74,0.52,0.53,0.33,0.25,0.13
KG-802,MUPS,40,KG,37.26815434,18.06,30.97,49.05,68.51,80.68,1.276656473,49.28,0.2562,0.427,1.666666667,0.4,45.72,67.03,32.97,0.97,1.26,0.59,0.50,0.38,0.09,0.18
KG-802,MUPS,40,KG,37.26815434,18.06,30.97,49.05,68.51,80.68,1.276656473,49.28,0.2562,0.427,1.666666667,0.4,45.72,80.11,19.89,0.89,0.64,0.61,0.43,0.43,0.26,0.15
KG-802,MUPS,60,KG,37.26815434,18.06,30.97,49.05,68.51,80.68,1.276656473,49.28,0.2562,0.427,1.666666667,0.4,45.72,49.19,50.81,1.92,1.21,0.79,0.36,0.26,0.11,0.05
KG-802,MUPS,60,KG,37.26815434,18.06,30.97,49.05,68.51,80.68,1.276656473,49.28,0.2562,0.427,1.666666667,0.4,45.72,59.58,40.42,0.78,1.42,0.79,0.46,0.31,0.20,0.06
KG-802,MUPS,60,KG,37.26815434,18.06,30.97,49.05,68.51,80.68,1.276656473,49.28,0.2562,0.427,1.666666667,0.4,45.72,67.14,32.86,-0.07,1.21,0.95,0.48,0.32,0.19,0.08
KG-802,MUPS,60,KG,37.26815434,18.06,30.97,49.05,68.51,80.68,1.276656473,49.28,0.2562,0.427,1.666666667,0.4,45.72,55.64,44.36,1.71,1.21,0.77,0.40,0.21,0.15,0.10
KG-802,MUPS,80,KG,37.26815434,18.06,30.97,49.05,68.51,80.68,1.276656473,49.28,0.2562,0.427,1.666666667,0.4,45.72,49.76,50.24,1.27,1.50,0.90,0.47,0.11,0.10,0.08
KG-802,MUPS,80,KG,37.26815434,18.06,30.97,49.05,68.51,80.68,1.276656473,49.28,0.2562,0.427,1.666666667,0.4,45.72,39.06,60.94,1.91,1.70,0.96,0.19,0.20,0.05,0.04
KG-802,MUPS,80,KG,37.26815434,18.06,30.97,49.05,68.51,80.68,1.276656473,49.28,0.2562,0.427,1.666666667,0.4,45.72,42.08,57.92,1.29,1.73,0.97,0.44,0.14,0.07,0.03
KG-802,MUPS,80,KG,37.26815434,18.06,30.97,49.05,68.51,80.68,1.276656473,49.28,0.2562,0.427,1.666666667,0.4,45.72,40.45,59.55,1.10,1.91,1.01,0.32,0.10,0.10,0.00
KG-1000,MUPS,20,KG,41.29698819,14.44,23.75,39.44,55.25,66.23,1.313133874,39.65,0.1654,0.3243137255,1.960784314,0.49,47.8,77.08,22.92,1.01,0.52,0.50,0.51,0.49,0.24,0.16
KG-1000,MUPS,20,KG,41.29698819,14.44,23.75,39.44,55.25,66.23,1.313133874,39.65,0.1654,0.3243137255,1.960784314,0.49,47.8,87.80,12.20,0.30,0.77,0.79,0.68,0.47,0.26,0.13
KG-1000,MUPS,20,KG,41.29698819,14.44,23.75,39.44,55.25,66.23,1.313133874,39.65,0.1654,0.3243137255,1.960784314,0.49,47.8,80.83,19.17,0.42,0.56,0.59,0.63,0.52,0.33,0.13
KG-1000,MUPS,20,KG,41.29698819,14.44,23.75,39.44,55.25,66.23,1.313133874,39.65,0.1654,0.3243137255,1.960784314,0.49,47.8,82.35,17.65,0.12,0.62,0.55,0.55,0.52,0.30,0.13
KG-1000,MUPS,40,KG,41.29698819,14.44,23.75,39.44,55.25,66.23,1.313133874,39.65,0.1654,0.3243137255,1.960784314,0.49,47.8,55.21,44.79,1.86,0.86,0.55,0.56,0.38,0.14,0.07
KG-1000,MUPS,40,KG,41.29698819,14.44,23.75,39.44,55.25,66.23,1.313133874,39.65,0.1654,0.3243137255,1.960784314,0.49,47.8,46.88,53.12,1.85,1.18,0.82,0.46,0.27,0.10,0.06
KG-1000,MUPS,40,KG,41.29698819,14.44,23.75,39.44,55.25,66.23,1.313133874,39.65,0.1654,0.3243137255,1.960784314,0.49,47.8,47.32,52.68,0.93,1.42,1.01,0.51,0.23,0.10,0.04
KG-1000,MUPS,40,KG,41.29698819,14.44,23.75,39.44,55.25,66.23,1.313133874,39.65,0.1654,0.3243137255,1.960784314,0.49,47.8,66.75,33.25,0.89,0.81,0.79,0.57,0.43,0.18,0.13
KG-1000,MUPS,60,KG,41.29698819,14.44,23.75,39.44,55.25,66.23,1.313133874,39.65,0.1654,0.3243137255,1.960784314,0.49,47.8,38.17,61.83,1.96,1.53,0.81,0.48,0.17,0.04,0.04
KG-1000,MUPS,60,KG,41.29698819,14.44,23.75,39.44,55.25,66.23,1.313133874,39.65,0.1654,0.3243137255,1.960784314,0.49,47.8,37.25,62.75,2.13,1.50,0.84,0.37,0.20,0.06,0.03
KG-1000,MUPS,60,KG,41.29698819,14.44,23.75,39.44,55.25,66.23,1.313133874,39.65,0.1654,0.3243137255,1.960784314,0.49,47.8,46.31,53.69,0.84,1.43,1.02,0.53,0.29,0.07,0.03
KG-1000,MUPS,60,KG,41.29698819,14.44,23.75,39.44,55.25,66.23,1.313133874,39.65,0.1654,0.3243137255,1.960784314,0.49,47.8,43.25,56.75,1.43,1.68,0.82,0.37,0.21,0.08,0.06
KG-1000,MUPS,60,KG,41.29698819,14.44,23.75,39.44,55.25,66.23,1.313133874,39.65,0.1654,0.3243137255,1.960784314,0.49,47.8,40.43,59.57,1.84,1.70,0.62,0.32,0.25,0.06,0.05
KG-1000,MUPS,60,KG,41.29698819,14.44,23.75,39.44,55.25,66.23,1.313133874,39.65,0.1654,0.3243137255,1.960784314,0.49,47.8,44.74,55.26,1.52,1.37,0.81,0.44,0.21,0.10,0.04
KG-1000,MUPS,20,KG,41.29698819,14.44,23.75,39.44,55.25,66.23,1.313133874,39.65,0.1654,0.3243137255,1.960784314,0.49,47.8,77.33,22.67,0.66,0.79,0.69,0.55,0.43,0.19,0.17
KG-1000,MUPS,20,KG,41.29698819,14.44,23.75,39.44,55.25,66.23,1.313133874,39.65,0.1654,0.3243137255,1.960784314,0.49,47.8,93.77,6.23,1.20,0.63,0.60,0.47,0.40,0.23,0.10
KG-1000,MUPS,20,KG,41.29698819,14.44,23.75,39.44,55.25,66.23,1.313133874,39.65,0.1654,0.3243137255,1.960784314,0.49,47.8,79.62,20.38,1.05,0.51,0.64,0.59,0.62,0.10,0.21
KG-1000,MUPS,20,KG,41.29698819,14.44,23.75,39.44,55.25,66.23,1.313133874,39.65,0.1654,0.3243137255,1.960784314,0.49,47.8,65.75,34.25,1.03,0.78,0.41,0.51,0.70,0.14,0.02
KG-1000,MUPS,40,KG,41.29698819,14.44,23.75,39.44,55.25,66.23,1.313133874,39.65,0.1654,0.3243137255,1.960784314,0.49,47.8,66.67,33.33,0.93,1.00,0.76,0.52,0.32,0.16,0.12
KG-1000,MUPS,40,KG,41.29698819,14.44,23.75,39.44,55.25,66.23,1.313133874,39.65,0.1654,0.3243137255,1.960784314,0.49,47.8,73.00,27.00,0.39,0.59,1.06,0.72,0.35,0.23,0.09
KG-1000,MUPS,40,KG,41.29698819,14.44,23.75,39.44,55.25,66.23,1.313133874,39.65,0.1654,0.3243137255,1.960784314,0.49,47.8,76.90,23.10,0.44,0.70,0.72,0.61,0.45,0.22,0.12
KG-1000,MUPS,40,KG,41.29698819,14.44,23.75,39.44,55.25,66.23,1.313133874,39.65,0.1654,0.3243137255,1.960784314,0.49,47.8,67.52,32.48,0.83,1.47,1.04,0.41,0.29,0.14,0.05
KG-1000,MUPS,60,KG,41.29698819,14.44,23.75,39.44,55.25,66.23,1.313133874,39.65,0.1654,0.3243137255,1.960784314,0.49,47.8,51.40,48.60,1.46,1.48,0.81,0.42,0.25,0.14,0.06
KG-1000,MUPS,60,KG,41.29698819,14.44,23.75,39.44,55.25,66.23,1.313133874,39.65,0.1654,0.3243137255,1.960784314,0.49,47.8,46.68,53.32,0.33,0.93,0.74,0.56,0.47,0.18,0.13
KG-1000,MUPS,60,KG,41.29698819,14.44,23.75,39.44,55.25,66.23,1.313133874,39.65,0.1654,0.3243137255,1.960784314,0.49,47.8,49.66,50.34,0.56,0.92,0.99,0.63,0.26,0.17,0.06
KG-1000,MUPS,60,KG,41.29698819,14.44,23.75,39.44,55.25,66.23,1.313133874,39.65,0.1654,0.3243137255,1.960784314,0.49,47.8,50.46,49.54,1.09,1.51,0.93,0.46,0.25,0.12,0.04
PH-101,SPIM,20,PH,38.21689545,17.35,31.05,49.8,68.5,81.94,1.296987952,49.83,0.3229,0.4967692308,1.538461538,0.35,48.48,98.39,1.61,0.05,0.21,0.43,0.71,0.48,0.44,0.19
PH-101,SPIM,20,PH,38.21689545,17.35,31.05,49.8,68.5,81.94,1.296987952,49.83,0.3229,0.4967692308,1.538461538,0.35,48.48,88.33,11.67,-0.01,0.30,0.56,0.73,0.56,0.28,0.15
PH-101,SPIM,20,PH,38.21689545,17.35,31.05,49.8,68.5,81.94,1.296987952,49.83,0.3229,0.4967692308,1.538461538,0.35,48.48,93.57,6.43,0.17,0.24,0.54,0.73,0.52,0.37,0.20
PH-101,SPIM,20,PH,38.21689545,17.35,31.05,49.8,68.5,81.94,1.296987952,49.83,0.3229,0.4967692308,1.538461538,0.35,48.48,94.32,5.68,0.08,0.25,0.45,0.59,0.63,0.30,0.19
PH-101,SPIM,40,PH,38.21689545,17.35,31.05,49.8,68.5,81.94,1.296987952,49.83,0.3229,0.4967692308,1.538461538,0.35,48.48,94.82,5.18,0.12,0.26,0.49,0.58,0.65,0.33,0.20
PH-101,SPIM,40,PH,38.21689545,17.35,31.05,49.8,68.5,81.94,1.296987952,49.83,0.3229,0.4967692308,1.538461538,0.35,48.48,98.17,1.83,-0.05,0.31,0.44,0.59,0.52,0.43,0.19
PH-101,SPIM,40,PH,38.21689545,17.35,31.05,49.8,68.5,81.94,1.296987952,49.83,0.3229,0.4967692308,1.538461538,0.35,48.48,92.42,7.58,0.22,0.24,0.61,0.63,0.49,0.35,0.20
PH-101,SPIM,40,PH,38.21689545,17.35,31.05,49.8,68.5,81.94,1.296987952,49.83,0.3229,0.4967692308,1.538461538,0.35,48.48,92.90,7.10,0.16,0.30,0.44,0.61,0.52,0.34,0.17
PH-101,SPIM,60,PH,38.21689545,17.35,31.05,49.8,68.5,81.94,1.296987952,49.83,0.3229,0.4967692308,1.538461538,0.35,48.48,76.58,23.42,0.52,0.50,0.69,0.65,0.48,0.28,0.11
PH-101,SPIM,60,PH,38.21689545,17.35,31.05,49.8,68.5,81.94,1.296987952,49.83,0.3229,0.4967692308,1.538461538,0.35,48.48,75.87,24.13,0.59,0.63,0.70,0.61,0.53,0.32,0.11
PH-101,SPIM,60,PH,38.21689545,17.35,31.05,49.8,68.5,81.94,1.296987952,49.83,0.3229,0.4967692308,1.538461538,0.35,48.48,77.53,22.47,0.59,0.50,0.61,0.67,0.51,0.32,0.10
PH-101,SPIM,60,PH,38.21689545,17.35,31.05,49.8,68.5,81.94,1.296987952,49.83,0.3229,0.4967692308,1.538461538,0.35,48.48,76.98,23.02,0.37,0.61,0.66,0.69,0.58,0.24,0.13
PH-101,SPIM,80,PH,38.21689545,17.35,31.05,49.8,68.5,81.94,1.296987952,49.83,0.3229,0.4967692308,1.538461538,0.35,48.48,47.58,52.42,1.25,0.93,0.95,0.70,0.29,0.11,0.00
PH-101,SPIM,80,PH,38.21689545,17.35,31.05,49.8,68.5,81.94,1.296987952,49.83,0.3229,0.4967692308,1.538461538,0.35,48.48,48.95,51.05,0.96,1.08,0.89,0.69,0.35,0.12,-0.01
PH-101,SPIM,80,PH,38.21689545,17.35,31.05,49.8,68.5,81.94,1.296987952,49.83,0.3229,0.4967692308,1.538461538,0.35,48.48,48.86,51.14,1.47,1.00,0.91,0.57,0.31,0.12,0.02
PH-101,SPIM,80,PH,38.21689545,17.35,31.05,49.8,68.5,81.94,1.296987952,49.83,0.3229,0.4967692308,1.538461538,0.35,48.48,46.51,53.49,1.09,1.12,1.02,0.60,0.31,0.10,0.00
PH-101,SPIM,20,PH,38.21689545,17.35,31.05,49.8,68.5,81.94,1.296987952,49.83,0.3229,0.4967692308,1.538461538,0.35,48.48,99.47,0.53,0.37,0.27,0.48,0.51,0.44,0.32,0.21
PH-101,SPIM,20,PH,38.21689545,17.35,31.05,49.8,68.5,81.94,1.296987952,49.83,0.3229,0.4967692308,1.538461538,0.35,48.48,94.91,5.09,0.41,0.27,0.50,0.56,0.53,0.32,0.16
PH-101,SPIM,20,PH,38.21689545,17.35,31.05,49.8,68.5,81.94,1.296987952,49.83,0.3229,0.4967692308,1.538461538,0.35,48.48,97.26,2.74,0.53,0.22,0.44,0.63,0.59,0.34,0.19
PH-101,SPIM,20,PH,38.21689545,17.35,31.05,49.8,68.5,81.94,1.296987952,49.83,0.3229,0.4967692308,1.538461538,0.35,48.48,95.54,4.46,0.47,0.24,0.60,0.75,0.45,0.33,0.22
PH-101,SPIM,20,PH,38.21689545,17.35,31.05,49.8,68.5,81.94,1.296987952,49.83,0.3229,0.4967692308,1.538461538,0.35,48.48,92.24,7.76,0.32,0.35,0.55,0.69,0.50,0.36,0.14
PH-101,SPIM,20,PH,38.21689545,17.35,31.05,49.8,68.5,81.94,1.296987952,49.83,0.3229,0.4967692308,1.538461538,0.35,48.48,103.63,0.00,0.04,0.18,0.42,0.54,0.56,0.35,0.16
PH-101,SPIM,40,PH,38.21689545,17.35,31.05,49.8,68.5,81.94,1.296987952,49.83,0.3229,0.4967692308,1.538461538,0.35,48.48,88.79,11.21,0.78,0.29,0.55,0.66,0.47,0.29,0.17
PH-101,SPIM,40,PH,38.21689545,17.35,31.05,49.8,68.5,81.94,1.296987952,49.83,0.3229,0.4967692308,1.538461538,0.35,48.48,92.13,7.87,0.24,0.49,0.66,0.65,0.49,0.30,0.21
PH-101,SPIM,40,PH,38.21689545,17.35,31.05,49.8,68.5,81.94,1.296987952,49.83,0.3229,0.4967692308,1.538461538,0.35,48.48,88.47,11.53,0.61,0.52,0.42,0.67,0.48,0.29,0.17
PH-101,SPIM,40,PH,38.21689545,17.35,31.05,49.8,68.5,81.94,1.296987952,49.83,0.3229,0.4967692308,1.538461538,0.35,48.48,86.10,13.90,0.31,0.56,0.53,0.62,0.54,0.29,0.12
PH-101,SPIM,40,PH,38.21689545,17.35,31.05,49.8,68.5,81.94,1.296987952,49.83,0.3229,0.4967692308,1.538461538,0.35,48.48,90.50,9.50,0.41,0.28,0.60,0.67,0.51,0.30,0.15
PH-101,SPIM,60,PH,38.21689545,17.35,31.05,49.8,68.5,81.94,1.296987952,49.83,0.3229,0.4967692308,1.538461538,0.35,48.48,88.22,11.78,0.34,0.40,0.67,0.57,0.45,0.31,0.14
PH-101,SPIM,60,PH,38.21689545,17.35,31.05,49.8,68.5,81.94,1.296987952,49.83,0.3229,0.4967692308,1.538461538,0.35,48.48,80.50,19.50,0.69,0.67,0.55,0.56,0.51,0.26,0.13
PH-101,SPIM,60,PH,38.21689545,17.35,31.05,49.8,68.5,81.94,1.296987952,49.83,0.3229,0.4967692308,1.538461538,0.35,48.48,74.17,25.83,1.24,0.49,0.71,0.57,0.39,0.30,0.08
PH-101,SPIM,60,PH,38.21689545,17.35,31.05,49.8,68.5,81.94,1.296987952,49.83,0.3229,0.4967692308,1.538461538,0.35,48.48,72.56,27.44,0.86,0.52,0.73,0.71,0.36,0.21,0.09
PH-101,SPIM,60,PH,38.21689545,17.35,31.05,49.8,68.5,81.94,1.296987952,49.83,0.3229,0.4967692308,1.538461538,0.35,48.48,75.98,24.02,1.03,0.53,0.58,0.57,0.46,0.28,0.08
PH-101,SPIM,80,PH,38.21689545,17.35,31.05,49.8,68.5,81.94,1.296987952,49.83,0.3229,0.4967692308,1.538461538,0.35,48.48,75.37,24.63,0.59,0.66,0.79,0.54,0.46,0.25,0.09
PH-101,SPIM,80,PH,38.21689545,17.35,31.05,49.8,68.5,81.94,1.296987952,49.83,0.3229,0.4967692308,1.538461538,0.35,48.48,83.64,16.36,0.54,0.53,0.77,0.60,0.38,0.27,0.17
PH-101,SPIM,80,PH,38.21689545,17.35,31.05,49.8,68.5,81.94,1.296987952,49.83,0.3229,0.4967692308,1.538461538,0.35,48.48,78.71,21.29,0.64,0.55,0.74,0.52,0.46,0.28,0.10
PH-101,SPIM,80,PH,38.21689545,17.35,31.05,49.8,68.5,81.94,1.296987952,49.83,0.3229,0.4967692308,1.538461538,0.35,48.48,82.19,17.81,0.69,0.60,0.74,0.52,0.36,0.27,0.17
PH-101,SPIM,80,PH,38.21689545,17.35,31.05,49.8,68.5,81.94,1.296987952,49.83,0.3229,0.4967692308,1.538461538,0.35,48.48,74.62,25.38,0.80,0.74,0.67,0.53,0.43,0.25,0.10
PH-101,SPIM,80,PH,38.21689545,17.35,31.05,49.8,68.5,81.94,1.296987952,49.83,0.3229,0.4967692308,1.538461538,0.35,48.48,68.92,31.08,1.38,0.65,0.78,0.52,0.34,0.20,0.12
PH-102,SPIM,20,PH,26.50487674,35.62,72.07,125.3,168.4,200.4,1.315083799,121.7,0.3252,0.4782352941,1.470588235,0.32,46.64,95.26,4.74,0.06,0.22,0.43,0.87,0.66,0.27,0.24
PH-102,SPIM,20,PH,26.50487674,35.62,72.07,125.3,168.4,200.4,1.315083799,121.7,0.3252,0.4782352941,1.470588235,0.32,46.64,94.67,5.33,0.29,0.17,0.45,0.57,0.57,0.33,0.19
PH-102,SPIM,20,PH,26.50487674,35.62,72.07,125.3,168.4,200.4,1.315083799,121.7,0.3252,0.4782352941,1.470588235,0.32,46.64,93.07,6.93,0.49,0.18,0.36,0.53,0.54,0.30,0.18
PH-102,SPIM,20,PH,26.50487674,35.62,72.07,125.3,168.4,200.4,1.315083799,121.7,0.3252,0.4782352941,1.470588235,0.32,46.64,89.34,10.66,0.57,0.24,0.41,0.49,0.51,0.28,0.17
PH-102,SPIM,40,PH,26.50487674,35.62,72.07,125.3,168.4,200.4,1.315083799,121.7,0.3252,0.4782352941,1.470588235,0.32,46.64,83.81,16.19,0.86,0.47,0.50,0.62,0.49,0.49,0.12
PH-102,SPIM,40,PH,26.50487674,35.62,72.07,125.3,168.4,200.4,1.315083799,121.7,0.3252,0.4782352941,1.470588235,0.32,46.64,91.23,8.77,0.76,0.58,0.60,0.50,0.50,0.26,0.16
PH-102,SPIM,40,PH,26.50487674,35.62,72.07,125.3,168.4,200.4,1.315083799,121.7,0.3252,0.4782352941,1.470588235,0.32,46.64,98.07,1.93,0.49,0.27,0.40,0.56,0.54,0.38,0.15
PH-102,SPIM,40,PH,26.50487674,35.62,72.07,125.3,168.4,200.4,1.315083799,121.7,0.3252,0.4782352941,1.470588235,0.32,46.64,82.69,17.31,0.74,0.43,0.47,0.50,0.49,0.27,0.16
PH-102,SPIM,40,PH,26.50487674,35.62,72.07,125.3,168.4,200.4,1.315083799,121.7,0.3252,0.4782352941,1.470588235,0.32,46.64,90.50,9.50,0.59,0.27,0.41,0.49,0.50,0.37,0.16
PH-102,SPIM,60,PH,26.50487674,35.62,72.07,125.3,168.4,200.4,1.315083799,121.7,0.3252,0.4782352941,1.470588235,0.32,46.64,90.10,9.90,1.00,0.74,0.70,0.59,0.41,0.24,0.06
PH-102,SPIM,60,PH,26.50487674,35.62,72.07,125.3,168.4,200.4,1.315083799,121.7,0.3252,0.4782352941,1.470588235,0.32,46.64,84.75,15.25,0.71,0.70,0.74,0.65,0.42,0.26,0.06
PH-102,SPIM,60,PH,26.50487674,35.62,72.07,125.3,168.4,200.4,1.315083799,121.7,0.3252,0.4782352941,1.470588235,0.32,46.64,70.84,29.16,0.94,0.53,0.66,0.55,0.57,0.29,0.06
PH-102,SPIM,60,PH,26.50487674,35.62,72.07,125.3,168.4,200.4,1.315083799,121.7,0.3252,0.4782352941,1.470588235,0.32,46.64,83.46,16.54,0.76,0.43,0.50,0.57,0.53,0.33,0.16
PH-102,SPIM,80,PH,26.50487674,35.62,72.07,125.3,168.4,200.4,1.315083799,121.7,0.3252,0.4782352941,1.470588235,0.32,46.64,39.61,60.39,1.67,1.34,1.06,0.35,0.21,0.07,0.02
PH-102,SPIM,80,PH,26.50487674,35.62,72.07,125.3,168.4,200.4,1.315083799,121.7,0.3252,0.4782352941,1.470588235,0.32,46.64,44.80,55.20,1.33,1.11,1.04,0.65,0.28,0.07,0.01
PH-102,SPIM,80,PH,26.50487674,35.62,72.07,125.3,168.4,200.4,1.315083799,121.7,0.3252,0.4782352941,1.470588235,0.32,46.64,39.51,60.49,1.57,1.37,0.99,0.48,0.21,0.03,0.03
PH-102,SPIM,80,PH,26.50487674,35.62,72.07,125.3,168.4,200.4,1.315083799,121.7,0.3252,0.4782352941,1.470588235,0.32,46.64,49.37,50.63,1.55,1.24,0.95,0.45,0.25,0.11,0.08
PH-102,SPIM,20,PH,26.50487674,35.62,72.07,125.3,168.4,200.4,1.315083799,121.7,0.3252,0.4782352941,1.470588235,0.32,46.64,96.91,3.09,0.56,0.18,0.36,0.62,0.50,0.34,0.15
PH-102,SPIM,20,PH,26.50487674,35.62,72.07,125.3,168.4,200.4,1.315083799,121.7,0.3252,0.4782352941,1.470588235,0.32,46.64,96.63,3.37,0.56,0.18,0.51,0.54,0.49,0.35,0.17
PH-102,SPIM,20,PH,26.50487674,35.62,72.07,125.3,168.4,200.4,1.315083799,121.7,0.3252,0.4782352941,1.470588235,0.32,46.64,97.85,2.15,0.62,0.20,0.46,0.54,0.43,0.35,0.19
PH-102,SPIM,20,PH,26.50487674,35.62,72.07,125.3,168.4,200.4,1.315083799,121.7,0.3252,0.4782352941,1.470588235,0.32,46.64,96.88,3.12,0.61,0.22,0.38,0.66,0.52,0.33,0.18
PH-102,SPIM,20,PH,26.50487674,35.62,72.07,125.3,168.4,200.4,1.315083799,121.7,0.3252,0.4782352941,1.470588235,0.32,46.64,99.82,0.18,-0.11,0.28,0.57,0.56,0.60,0.30,0.18
PH-102,SPIM,20,PH,26.50487674,35.62,72.07,125.3,168.4,200.4,1.315083799,121.7,0.3252,0.4782352941,1.470588235,0.32,46.64,97.07,2.93,0.46,0.20,0.47,0.60,0.55,0.32,0.18
PH-102,SPIM,40,PH,26.50487674,35.62,72.07,125.3,168.4,200.4,1.315083799,121.7,0.3252,0.4782352941,1.470588235,0.32,46.64,94.42,5.58,0.20,0.29,0.58,0.58,0.55,0.28,0.17
PH-102,SPIM,40,PH,26.50487674,35.62,72.07,125.3,168.4,200.4,1.315083799,121.7,0.3252,0.4782352941,1.470588235,0.32,46.64,96.87,3.13,0.27,0.33,0.51,0.49,0.54,0.30,0.18
PH-102,SPIM,40,PH,26.50487674,35.62,72.07,125.3,168.4,200.4,1.315083799,121.7,0.3252,0.4782352941,1.470588235,0.32,46.64,99.45,0.55,0.17,0.27,0.55,0.56,0.48,0.35,0.19
PH-102,SPIM,40,PH,26.50487674,35.62,72.07,125.3,168.4,200.4,1.315083799,121.7,0.3252,0.4782352941,1.470588235,0.32,46.64,97.90,2.10,0.21,0.28,0.53,0.63,0.50,0.36,0.17
PH-102,SPIM,60,PH,26.50487674,35.62,72.07,125.3,168.4,200.4,1.315083799,121.7,0.3252,0.4782352941,1.470588235,0.32,46.64,90.11,9.89,0.20,0.40,0.67,0.62,0.48,0.32,0.14
PH-102,SPIM,60,PH,26.50487674,35.62,72.07,125.3,168.4,200.4,1.315083799,121.7,0.3252,0.4782352941,1.470588235,0.32,46.64,88.23,11.77,0.31,0.51,0.66,0.67,0.46,0.29,0.17
PH-102,SPIM,60,PH,26.50487674,35.62,72.07,125.3,168.4,200.4,1.315083799,121.7,0.3252,0.4782352941,1.470588235,0.32,46.64,88.52,11.48,0.46,0.43,0.65,0.60,0.44,0.31,0.16
PH-102,SPIM,60,PH,26.50487674,35.62,72.07,125.3,168.4,200.4,1.315083799,121.7,0.3252,0.4782352941,1.470588235,0.32,46.64,86.98,13.02,0.37,0.36,0.73,0.70,0.47,0.32,0.13
PH-102,SPIM,80,PH,26.50487674,35.62,72.07,125.3,168.4,200.4,1.315083799,121.7,0.3252,0.4782352941,1.470588235,0.32,46.64,78.75,21.25,0.57,0.64,0.75,0.55,0.38,0.25,0.13
PH-102,SPIM,80,PH,26.50487674,35.62,72.07,125.3,168.4,200.4,1.315083799,121.7,0.3252,0.4782352941,1.470588235,0.32,46.64,78.69,21.31,0.61,0.67,0.78,0.50,0.51,0.27,0.12
PH-102,SPIM,80,PH,26.50487674,35.62,72.07,125.3,168.4,200.4,1.315083799,121.7,0.3252,0.4782352941,1.470588235,0.32,46.64,82.03,17.97,0.67,0.67,0.63,0.51,0.46,0.28,0.15
PH-102,SPIM,80,PH,26.50487674,35.62,72.07,125.3,168.4,200.4,1.315083799,121.7,0.3252,0.4782352941,1.470588235,0.32,46.64,80.06,19.94,0.63,0.52,0.72,0.59,0.36,0.26,0.13
UF-702,SPIM,20,UF,23.99283692,38.47,78.95,127.9,166.9,196.9,1.238702111,123,0.3051,0.42375,1.388888889,0.28,45.98,99.27,0.73,0.08,0.27,0.42,0.60,0.51,0.34,0.25
UF-702,SPIM,20,UF,23.99283692,38.47,78.95,127.9,166.9,196.9,1.238702111,123,0.3051,0.42375,1.388888889,0.28,45.98,97.03,2.97,0.06,0.27,0.48,0.52,0.54,0.38,0.20
UF-702,SPIM,20,UF,23.99283692,38.47,78.95,127.9,166.9,196.9,1.238702111,123,0.3051,0.42375,1.388888889,0.28,45.98,93.91,6.09,0.45,0.33,0.46,0.48,0.56,0.38,0.21
UF-702,SPIM,20,UF,23.99283692,38.47,78.95,127.9,166.9,196.9,1.238702111,123,0.3051,0.42375,1.388888889,0.28,45.98,92.74,7.26,0.21,0.28,0.48,0.61,0.51,0.39,0.17
UF-702,SPIM,40,UF,23.99283692,38.47,78.95,127.9,166.9,196.9,1.238702111,123,0.3051,0.42375,1.388888889,0.28,45.98,94.00,6.00,0.12,0.26,0.46,0.58,0.51,0.31,0.19
UF-702,SPIM,40,UF,23.99283692,38.47,78.95,127.9,166.9,196.9,1.238702111,123,0.3051,0.42375,1.388888889,0.28,45.98,94.06,5.94,0.27,0.24,0.49,0.56,0.57,0.36,0.19
UF-702,SPIM,40,UF,23.99283692,38.47,78.95,127.9,166.9,196.9,1.238702111,123,0.3051,0.42375,1.388888889,0.28,45.98,95.52,4.48,0.20,0.30,0.41,0.54,0.53,0.32,0.21
UF-702,SPIM,40,UF,23.99283692,38.47,78.95,127.9,166.9,196.9,1.238702111,123,0.3051,0.42375,1.388888889,0.28,45.98,97.13,2.87,0.22,0.25,0.41,0.53,0.59,0.37,0.20
UF-702,SPIM,60,UF,23.99283692,38.47,78.95,127.9,166.9,196.9,1.238702111,123,0.3051,0.42375,1.388888889,0.28,45.98,77.52,22.48,0.99,0.63,0.50,0.59,0.46,0.28,0.17
UF-702,SPIM,60,UF,23.99283692,38.47,78.95,127.9,166.9,196.9,1.238702111,123,0.3051,0.42375,1.388888889,0.28,45.98,74.25,25.75,0.83,1.35,0.73,0.45,0.27,0.17,0.11
UF-702,SPIM,60,UF,23.99283692,38.47,78.95,127.9,166.9,196.9,1.238702111,123,0.3051,0.42375,1.388888889,0.28,45.98,70.83,29.17,0.89,0.60,0.60,0.65,0.55,0.27,0.11
UF-702,SPIM,60,UF,23.99283692,38.47,78.95,127.9,166.9,196.9,1.238702111,123,0.3051,0.42375,1.388888889,0.28,45.98,73.27,26.73,0.84,0.49,0.64,0.66,0.46,0.31,0.10
UF-702,SPIM,80,UF,23.99283692,38.47,78.95,127.9,166.9,196.9,1.238702111,123,0.3051,0.42375,1.388888889,0.28,45.98,74.88,25.12,1.35,1.19,1.00,0.54,0.35,0.11,0.02
UF-702,SPIM,80,UF,23.99283692,38.47,78.95,127.9,166.9,196.9,1.238702111,123,0.3051,0.42375,1.388888889,0.28,45.98,47.17,52.83,1.16,0.97,0.87,0.58,0.33,0.16,0.06
UF-702,SPIM,80,UF,23.99283692,38.47,78.95,127.9,166.9,196.9,1.238702111,123,0.3051,0.42375,1.388888889,0.28,45.98,55.71,44.29,1.51,0.65,0.59,0.54,0.38,0.25,0.13
UF-702,SPIM,80,UF,23.99283692,38.47,78.95,127.9,166.9,196.9,1.238702111,123,0.3051,0.42375,1.388888889,0.28,45.98,37.11,62.89,2.01,1.39,0.95,0.41,0.26,0.04,0.01
UF-702,SPIM,80,UF,23.99283692,38.47,78.95,127.9,166.9,196.9,1.238702111,123,0.3051,0.42375,1.388888889,0.28,45.98,45.54,54.46,1.53,1.04,0.99,0.49,0.33,0.09,0.01
UF-702,SPIM,20,UF,23.99283692,38.47,78.95,127.9,166.9,196.9,1.238702111,123,0.3051,0.42375,1.388888889,0.28,45.98,87.13,12.87,0.37,0.24,0.72,0.74,0.45,0.26,0.14
UF-702,SPIM,20,UF,23.99283692,38.47,78.95,127.9,166.9,196.9,1.238702111,123,0.3051,0.42375,1.388888889,0.28,45.98,90.62,9.38,0.35,0.26,0.57,0.71,0.52,0.28,0.14
UF-702,SPIM,20,UF,23.99283692,38.47,78.95,127.9,166.9,196.9,1.238702111,123,0.3051,0.42375,1.388888889,0.28,45.98,89.80,10.20,0.28,0.16,0.65,0.78,0.45,0.30,0.11
UF-702,SPIM,20,UF,23.99283692,38.47,78.95,127.9,166.9,196.9,1.238702111,123,0.3051,0.42375,1.388888889,0.28,45.98,80.83,19.17,0.30,0.33,0.90,0.71,0.40,0.25,0.10
UF-702,SPIM,40,UF,23.99283692,38.47,78.95,127.9,166.9,196.9,1.238702111,123,0.3051,0.42375,1.388888889,0.28,45.98,100.54,0.00,0.37,0.28,0.42,0.59,0.55,0.36,0.20
UF-702,SPIM,40,UF,23.99283692,38.47,78.95,127.9,166.9,196.9,1.238702111,123,0.3051,0.42375,1.388888889,0.28,45.98,100.75,0.00,0.46,0.27,0.45,0.49,0.56,0.34,0.22
UF-702,SPIM,40,UF,23.99283692,38.47,78.95,127.9,166.9,196.9,1.238702111,123,0.3051,0.42375,1.388888889,0.28,45.98,97.86,2.14,0.30,0.21,0.59,0.65,0.47,0.35,0.19
UF-702,SPIM,40,UF,23.99283692,38.47,78.95,127.9,166.9,196.9,1.238702111,123,0.3051,0.42375,1.388888889,0.28,45.98,96.03,3.97,0.67,0.23,0.47,0.54,0.60,0.32,0.20
UF-702,SPIM,60,UF,23.99283692,38.47,78.95,127.9,166.9,196.9,1.238702111,123,0.3051,0.42375,1.388888889,0.28,45.98,96.52,3.48,0.02,0.26,0.66,0.61,0.53,0.34,0.16
UF-702,SPIM,60,UF,23.99283692,38.47,78.95,127.9,166.9,196.9,1.238702111,123,0.3051,0.42375,1.388888889,0.28,45.98,95.81,4.19,-0.02,0.39,0.66,0.64,0.40,0.34,0.18
UF-702,SPIM,60,UF,23.99283692,38.47,78.95,127.9,166.9,196.9,1.238702111,123,0.3051,0.42375,1.388888889,0.28,45.98,89.06,10.94,0.62,0.35,0.72,0.61,0.46,0.31,0.19
UF-702,SPIM,60,UF,23.99283692,38.47,78.95,127.9,166.9,196.9,1.238702111,123,0.3051,0.42375,1.388888889,0.28,45.98,93.35,6.65,0.20,0.38,0.61,0.64,0.47,0.35,0.16
UF-702,SPIM,80,UF,23.99283692,38.47,78.95,127.9,166.9,196.9,1.238702111,123,0.3051,0.42375,1.388888889,0.28,45.98,71.89,28.11,0.52,0.72,0.89,0.62,0.45,0.21,0.09
UF-702,SPIM,80,UF,23.99283692,38.47,78.95,127.9,166.9,196.9,1.238702111,123,0.3051,0.42375,1.388888889,0.28,45.98,73.40,26.60,0.53,0.71,0.90,0.62,0.42,0.23,0.10
UF-702,SPIM,80,UF,23.99283692,38.47,78.95,127.9,166.9,196.9,1.238702111,123,0.3051,0.42375,1.388888889,0.28,45.98,69.62,30.38,0.56,0.76,1.01,0.58,0.44,0.18,0.10
UF-702,SPIM,80,UF,23.99283692,38.47,78.95,127.9,166.9,196.9,1.238702111,123,0.3051,0.42375,1.388888889,0.28,45.98,71.57,28.43,0.47,0.79,0.93,0.60,0.44,0.20,0.10
UF-711,SPIM,20,UF,32.96750161,20.65,33.78,52.05,70.6,81.99,1.178482229,51.85,0.2644,0.4196825397,1.587301587,0.37,45.02,104.41,0.00,-0.09,0.19,0.42,0.54,0.55,0.34,0.26
UF-711,SPIM,20,UF,32.96750161,20.65,33.78,52.05,70.6,81.99,1.178482229,51.85,0.2644,0.4196825397,1.587301587,0.37,45.02,95.23,4.77,0.24,0.16,0.40,0.66,0.55,0.33,0.18
UF-711,SPIM,20,UF,32.96750161,20.65,33.78,52.05,70.6,81.99,1.178482229,51.85,0.2644,0.4196825397,1.587301587,0.37,45.02,102.42,0.00,-0.02,0.21,0.41,0.54,0.57,0.37,0.24
UF-711,SPIM,20,UF,32.96750161,20.65,33.78,52.05,70.6,81.99,1.178482229,51.85,0.2644,0.4196825397,1.587301587,0.37,45.02,90.24,9.76,0.22,0.25,0.54,0.58,0.46,0.33,0.16
UF-711,SPIM,40,UF,32.96750161,20.65,33.78,52.05,70.6,81.99,1.178482229,51.85,0.2644,0.4196825397,1.587301587,0.37,45.02,99.91,0.09,0.05,0.18,0.41,0.58,0.54,0.38,0.20
UF-711,SPIM,40,UF,32.96750161,20.65,33.78,52.05,70.6,81.99,1.178482229,51.85,0.2644,0.4196825397,1.587301587,0.37,45.02,98.39,1.61,0.05,0.19,0.47,0.55,0.62,0.40,0.19
UF-711,SPIM,40,UF,32.96750161,20.65,33.78,52.05,70.6,81.99,1.178482229,51.85,0.2644,0.4196825397,1.587301587,0.37,45.02,98.81,1.19,-0.06,0.21,0.51,0.55,0.64,0.39,0.20
UF-711,SPIM,40,UF,32.96750161,20.65,33.78,52.05,70.6,81.99,1.178482229,51.85,0.2644,0.4196825397,1.587301587,0.37,45.02,98.34,1.66,0.05,0.22,0.47,0.62,0.59,0.37,0.22
UF-711,SPIM,60,UF,32.96750161,20.65,33.78,52.05,70.6,81.99,1.178482229,51.85,0.2644,0.4196825397,1.587301587,0.37,45.02,84.70,15.30,0.33,0.49,0.61,0.62,0.49,0.30,0.18
UF-711,SPIM,60,UF,32.96750161,20.65,33.78,52.05,70.6,81.99,1.178482229,51.85,0.2644,0.4196825397,1.587301587,0.37,45.02,89.89,10.11,0.22,0.43,0.53,0.69,0.54,0.34,0.20
UF-711,SPIM,60,UF,32.96750161,20.65,33.78,52.05,70.6,81.99,1.178482229,51.85,0.2644,0.4196825397,1.587301587,0.37,45.02,82.44,17.56,0.33,0.48,0.58,0.68,0.49,0.30,0.14
UF-711,SPIM,60,UF,32.96750161,20.65,33.78,52.05,70.6,81.99,1.178482229,51.85,0.2644,0.4196825397,1.587301587,0.37,45.02,82.05,17.95,0.48,0.52,0.54,0.65,0.52,0.31,0.15
UF-711,SPIM,80,UF,32.96750161,20.65,33.78,52.05,70.6,81.99,1.178482229,51.85,0.2644,0.4196825397,1.587301587,0.37,45.02,78.31,21.69,0.55,0.57,0.58,0.58,0.56,0.32,0.11
UF-711,SPIM,80,UF,32.96750161,20.65,33.78,52.05,70.6,81.99,1.178482229,51.85,0.2644,0.4196825397,1.587301587,0.37,45.02,72.45,27.55,1.15,0.61,0.61,0.46,0.50,0.22,0.15
UF-711,SPIM,80,UF,32.96750161,20.65,33.78,52.05,70.6,81.99,1.178482229,51.85,0.2644,0.4196825397,1.587301587,0.37,45.02,65.51,34.49,0.99,0.85,0.72,0.48,0.48,0.22,0.10
UF-711,SPIM,80,UF,32.96750161,20.65,33.78,52.05,70.6,81.99,1.178482229,51.85,0.2644,0.4196825397,1.587301587,0.37,45.02,72.72,27.28,0.81,0.74,0.62,0.62,0.38,0.32,0.10
UF-711,SPIM,20,UF,32.96750161,20.65,33.78,52.05,70.6,81.99,1.178482229,51.85,0.2644,0.4196825397,1.587301587,0.37,45.02,97.03,2.97,0.19,0.26,0.56,0.56,0.58,0.33,0.17
UF-711,SPIM,20,UF,32.96750161,20.65,33.78,52.05,70.6,81.99,1.178482229,51.85,0.2644,0.4196825397,1.587301587,0.37,45.02,95.71,4.29,0.42,0.23,0.51,0.61,0.52,0.33,0.17
UF-711,SPIM,20,UF,32.96750161,20.65,33.78,52.05,70.6,81.99,1.178482229,51.85,0.2644,0.4196825397,1.587301587,0.37,45.02,99.38,0.62,0.28,0.18,0.47,0.54,0.60,0.31,0.17
UF-711,SPIM,20,UF,32.96750161,20.65,33.78,52.05,70.6,81.99,1.178482229,51.85,0.2644,0.4196825397,1.587301587,0.37,45.02,93.73,6.27,0.24,0.30,0.57,0.62,0.55,0.29,0.17
UF-711,SPIM,40,UF,32.96750161,20.65,33.78,52.05,70.6,81.99,1.178482229,51.85,0.2644,0.4196825397,1.587301587,0.37,45.02,91.11,8.89,0.30,0.45,0.64,0.58,0.52,0.33,0.17
UF-711,SPIM,40,UF,32.96750161,20.65,33.78,52.05,70.6,81.99,1.178482229,51.85,0.2644,0.4196825397,1.587301587,0.37,45.02,92.47,7.53,0.38,0.36,0.59,0.53,0.58,0.37,0.14
UF-711,SPIM,40,UF,32.96750161,20.65,33.78,52.05,70.6,81.99,1.178482229,51.85,0.2644,0.4196825397,1.587301587,0.37,45.02,93.98,6.02,0.27,0.33,0.53,0.59,0.55,0.34,0.15
UF-711,SPIM,40,UF,32.96750161,20.65,33.78,52.05,70.6,81.99,1.178482229,51.85,0.2644,0.4196825397,1.587301587,0.37,45.02,99.57,0.43,0.22,0.34,0.48,0.56,0.53,0.35,0.20
UF-711,SPIM,60,UF,32.96750161,20.65,33.78,52.05,70.6,81.99,1.178482229,51.85,0.2644,0.4196825397,1.587301587,0.37,45.02,81.74,18.26,0.71,0.42,0.64,0.64,0.45,0.30,0.10
UF-711,SPIM,60,UF,32.96750161,20.65,33.78,52.05,70.6,81.99,1.178482229,51.85,0.2644,0.4196825397,1.587301587,0.37,45.02,83.92,16.08,0.45,0.54,0.64,0.56,0.53,0.28,0.12
UF-711,SPIM,60,UF,32.96750161,20.65,33.78,52.05,70.6,81.99,1.178482229,51.85,0.2644,0.4196825397,1.587301587,0.37,45.02,88.40,11.60,0.25,0.38,0.71,0.68,0.47,0.28,0.15
UF-711,SPIM,60,UF,32.96750161,20.65,33.78,52.05,70.6,81.99,1.178482229,51.85,0.2644,0.4196825397,1.587301587,0.37,45.02,85.96,14.04,0.47,0.43,0.71,0.62,0.46,0.30,0.14
UF-711,SPIM,80,UF,32.96750161,20.65,33.78,52.05,70.6,81.99,1.178482229,51.85,0.2644,0.4196825397,1.587301587,0.37,45.02,51.86,48.14,1.76,1.15,0.82,0.45,0.29,0.13,0.05
UF-711,SPIM,80,UF,32.96750161,20.65,33.78,52.05,70.6,81.99,1.178482229,51.85,0.2644,0.4196825397,1.587301587,0.37,45.02,49.34,50.66,1.60,1.29,0.87,0.46,0.19,0.13,0.04
UF-711,SPIM,80,UF,32.96750161,20.65,33.78,52.05,70.6,81.99,1.178482229,51.85,0.2644,0.4196825397,1.587301587,0.37,45.02,60.26,39.74,1.52,0.94,0.82,0.55,0.28,0.15,0.10
UF-711,SPIM,80,UF,32.96750161,20.65,33.78,52.05,70.6,81.99,1.178482229,51.85,0.2644,0.4196825397,1.587301587,0.37,45.02,52.36,47.64,1.57,1.11,0.69,0.49,0.29,0.19,0.00
KG-802,SPIM,20,KG,37.26815434,18.06,30.97,49.05,68.51,80.68,1.276656473,49.28,0.2562,0.427,1.666666667,0.4,45.72,95.48,4.52,0.09,0.26,0.50,0.66,0.62,0.36,0.21
KG-802,SPIM,20,KG,37.26815434,18.06,30.97,49.05,68.51,80.68,1.276656473,49.28,0.2562,0.427,1.666666667,0.4,45.72,87.80,12.20,0.26,0.24,0.44,0.68,0.68,0.35,0.25
KG-802,SPIM,20,KG,37.26815434,18.06,30.97,49.05,68.51,80.68,1.276656473,49.28,0.2562,0.427,1.666666667,0.4,45.72,85.37,14.63,0.34,0.26,0.53,0.89,0.68,0.33,0.13
KG-802,SPIM,20,KG,37.26815434,18.06,30.97,49.05,68.51,80.68,1.276656473,49.28,0.2562,0.427,1.666666667,0.4,45.72,99.57,0.43,0.18,0.25,0.39,0.57,0.58,0.35,0.25
KG-802,SPIM,40,KG,37.26815434,18.06,30.97,49.05,68.51,80.68,1.276656473,49.28,0.2562,0.427,1.666666667,0.4,45.72,89.74,10.26,0.30,0.38,0.45,0.58,0.54,0.33,0.17
KG-802,SPIM,40,KG,37.26815434,18.06,30.97,49.05,68.51,80.68,1.276656473,49.28,0.2562,0.427,1.666666667,0.4,45.72,89.09,10.91,0.52,0.42,0.48,0.46,0.64,0.33,0.19
KG-802,SPIM,40,KG,37.26815434,18.06,30.97,49.05,68.51,80.68,1.276656473,49.28,0.2562,0.427,1.666666667,0.4,45.72,93.73,6.27,0.17,0.28,0.48,0.57,0.56,0.35,0.18
KG-802,SPIM,40,KG,37.26815434,18.06,30.97,49.05,68.51,80.68,1.276656473,49.28,0.2562,0.427,1.666666667,0.4,45.72,96.32,3.68,0.38,0.30,0.35,0.58,0.48,0.36,0.23
KG-802,SPIM,60,KG,37.26815434,18.06,30.97,49.05,68.51,80.68,1.276656473,49.28,0.2562,0.427,1.666666667,0.4,45.72,73.06,26.94,1.06,0.79,0.82,0.68,0.42,0.17,0.07
KG-802,SPIM,60,KG,37.26815434,18.06,30.97,49.05,68.51,80.68,1.276656473,49.28,0.2562,0.427,1.666666667,0.4,45.72,85.00,15.00,0.61,0.62,0.64,0.74,0.46,0.25,0.11
KG-802,SPIM,60,KG,37.26815434,18.06,30.97,49.05,68.51,80.68,1.276656473,49.28,0.2562,0.427,1.666666667,0.4,45.72,72.02,27.98,0.54,0.42,0.52,0.58,0.46,0.33,0.16
KG-802,SPIM,60,KG,37.26815434,18.06,30.97,49.05,68.51,80.68,1.276656473,49.28,0.2562,0.427,1.666666667,0.4,45.72,65.11,34.89,1.18,0.55,0.58,0.53,0.46,0.27,0.12
KG-802,SPIM,80,KG,37.26815434,18.06,30.97,49.05,68.51,80.68,1.276656473,49.28,0.2562,0.427,1.666666667,0.4,45.72,38.89,61.11,1.74,1.42,0.79,0.46,0.19,0.11,0.07
KG-802,SPIM,80,KG,37.26815434,18.06,30.97,49.05,68.51,80.68,1.276656473,49.28,0.2562,0.427,1.666666667,0.4,45.72,46.32,53.68,1.57,1.07,0.74,0.57,0.27,0.17,0.07
KG-802,SPIM,80,KG,37.26815434,18.06,30.97,49.05,68.51,80.68,1.276656473,49.28,0.2562,0.427,1.666666667,0.4,45.72,37.51,62.49,1.76,0.92,0.50,0.37,0.40,0.19,0.12
KG-802,SPIM,80,KG,37.26815434,18.06,30.97,49.05,68.51,80.68,1.276656473,49.28,0.2562,0.427,1.666666667,0.4,45.72,29.42,70.58,2.77,1.76,0.72,0.32,0.04,0.07,0.00
KG-802,SPIM,20,KG,37.26815434,18.06,30.97,49.05,68.51,80.68,1.276656473,49.28,0.2562,0.427,1.666666667,0.4,45.72,82.02,17.98,0.93,0.37,0.62,0.60,0.44,0.25,0.14
KG-802,SPIM,20,KG,37.26815434,18.06,30.97,49.05,68.51,80.68,1.276656473,49.28,0.2562,0.427,1.666666667,0.4,45.72,88.05,11.95,0.36,0.36,0.66,0.69,0.45,0.29,0.14
KG-802,SPIM,20,KG,37.26815434,18.06,30.97,49.05,68.51,80.68,1.276656473,49.28,0.2562,0.427,1.666666667,0.4,45.72,87.53,12.47,0.40,0.36,0.73,0.60,0.45,0.29,0.15
KG-802,SPIM,20,KG,37.26815434,18.06,30.97,49.05,68.51,80.68,1.276656473,49.28,0.2562,0.427,1.666666667,0.4,45.72,84.71,15.29,0.79,0.33,0.66,0.59,0.45,0.29,0.14
KG-802,SPIM,40,KG,37.26815434,18.06,30.97,49.05,68.51,80.68,1.276656473,49.28,0.2562,0.427,1.666666667,0.4,45.72,94.18,5.82,0.39,0.22,0.48,0.52,0.40,0.27,0.15
KG-802,SPIM,40,KG,37.26815434,18.06,30.97,49.05,68.51,80.68,1.276656473,49.28,0.2562,0.427,1.666666667,0.4,45.72,93.61,6.39,0.24,0.36,0.67,0.55,0.51,0.34,0.17
KG-802,SPIM,40,KG,37.26815434,18.06,30.97,49.05,68.51,80.68,1.276656473,49.28,0.2562,0.427,1.666666667,0.4,45.72,92.39,7.61,0.44,0.42,0.50,0.54,0.57,0.34,0.15
KG-802,SPIM,40,KG,37.26815434,18.06,30.97,49.05,68.51,80.68,1.276656473,49.28,0.2562,0.427,1.666666667,0.4,45.72,88.59,11.41,0.39,0.39,0.63,0.59,0.53,0.30,0.14
KG-802,SPIM,60,KG,37.26815434,18.06,30.97,49.05,68.51,80.68,1.276656473,49.28,0.2562,0.427,1.666666667,0.4,45.72,74.78,25.22,0.59,0.77,0.79,0.57,0.39,0.23,0.12
KG-802,SPIM,60,KG,37.26815434,18.06,30.97,49.05,68.51,80.68,1.276656473,49.28,0.2562,0.427,1.666666667,0.4,45.72,81.57,18.43,0.53,0.55,0.71,0.72,0.44,0.22,0.16
KG-802,SPIM,60,KG,37.26815434,18.06,30.97,49.05,68.51,80.68,1.276656473,49.28,0.2562,0.427,1.666666667,0.4,45.72,88.31,11.69,0.41,0.45,0.64,0.61,0.45,0.29,0.16
KG-802,SPIM,60,KG,37.26815434,18.06,30.97,49.05,68.51,80.68,1.276656473,49.28,0.2562,0.427,1.666666667,0.4,45.72,83.56,16.44,0.35,0.62,0.74,0.56,0.41,0.28,0.15
KG-802,SPIM,80,KG,37.26815434,18.06,30.97,49.05,68.51,80.68,1.276656473,49.28,0.2562,0.427,1.666666667,0.4,45.72,62.70,37.30,0.80,0.97,0.92,0.57,0.37,0.17,0.07
KG-802,SPIM,80,KG,37.26815434,18.06,30.97,49.05,68.51,80.68,1.276656473,49.28,0.2562,0.427,1.666666667,0.4,45.72,59.03,40.97,0.92,1.10,0.94,0.55,0.33,0.16,0.06
KG-802,SPIM,80,KG,37.26815434,18.06,30.97,49.05,68.51,80.68,1.276656473,49.28,0.2562,0.427,1.666666667,0.4,45.72,64.62,35.38,0.75,0.96,0.97,0.51,0.41,0.16,0.09
KG-802,SPIM,80,KG,37.26815434,18.06,30.97,49.05,68.51,80.68,1.276656473,49.28,0.2562,0.427,1.666666667,0.4,45.72,61.16,38.84,1.00,1.10,0.88,0.49,0.34,0.17,0.08