Excipient,Tablet,Pellet,CP,Family,AoR,D10,D25,D50,D75,D90,Span,MPS,BD,TD,HR,CI,Y,K,E,DR5,DR20,DR45,DR75,DR105,DR150,DR210
PH-101,SPIM,EC,20,PH,38.2168954,17.35,31.05,49.8,68.5,81.94,1.29698795,49.83,0.3229,0.49676923,1.53846154,0.35,48.48,98.39,1.61,0.05,0.21,0.43,0.71,0.48,0.44,0.19
PH-101,SPIM,EC,20,PH,38.2168954,17.35,31.05,49.8,68.5,81.94,1.29698795,49.83,0.3229,0.49676923,1.53846154,0.35,48.48,88.33,11.67,-0.01,0.3,0.56,0.73,0.56,0.28,0.15
PH-101,SPIM,EC,20,PH,38.2168954,17.35,31.05,49.8,68.5,81.94,1.29698795,49.83,0.3229,0.49676923,1.53846154,0.35,48.48,93.57,6.43,0.17,0.24,0.54,0.73,0.52,0.37,0.2
PH-101,SPIM,EC,20,PH,38.2168954,17.35,31.05,49.8,68.5,81.94,1.29698795,49.83,0.3229,0.49676923,1.53846154,0.35,48.48,94.32,5.68,0.08,0.25,0.45,0.59,0.63,0.3,0.19
PH-101,SPIM,EC,40,PH,38.2168954,17.35,31.05,49.8,68.5,81.94,1.29698795,49.83,0.3229,0.49676923,1.53846154,0.35,48.48,94.82,5.18,0.12,0.26,0.49,0.58,0.65,0.33,0.2
PH-101,SPIM,EC,40,PH,38.2168954,17.35,31.05,49.8,68.5,81.94,1.29698795,49.83,0.3229,0.49676923,1.53846154,0.35,48.48,98.17,1.83,-0.05,0.31,0.44,0.59,0.52,0.43,0.19
PH-101,SPIM,EC,40,PH,38.2168954,17.35,31.05,49.8,68.5,81.94,1.29698795,49.83,0.3229,0.49676923,1.53846154,0.35,48.48,92.42,7.58,0.22,0.24,0.61,0.63,0.49,0.35,0.2
PH-101,SPIM,EC,40,PH,38.2168954,17.35,31.05,49.8,68.5,81.94,1.29698795,49.83,0.3229,0.49676923,1.53846154,0.35,48.48,92.9,7.1,0.16,0.3,0.44,0.61,0.52,0.34,0.17
PH-101,SPIM,EC,60,PH,38.2168954,17.35,31.05,49.8,68.5,81.94,1.29698795,49.83,0.3229,0.49676923,1.53846154,0.35,48.48,76.58,23.42,0.52,0.5,0.69,0.65,0.48,0.28,0.11
PH-101,SPIM,EC,60,PH,38.2168954,17.35,31.05,49.8,68.5,81.94,1.29698795,49.83,0.3229,0.49676923,1.53846154,0.35,48.48,75.87,24.13,0.59,0.63,0.7,0.61,0.53,0.32,0.11
PH-101,SPIM,EC,60,PH,38.2168954,17.35,31.05,49.8,68.5,81.94,1.29698795,49.83,0.3229,0.49676923,1.53846154,0.35,48.48,77.53,22.47,0.59,0.5,0.61,0.67,0.51,0.32,0.1
PH-101,SPIM,EC,60,PH,38.2168954,17.35,31.05,49.8,68.5,81.94,1.29698795,49.83,0.3229,0.49676923,1.53846154,0.35,48.48,76.98,23.02,0.37,0.61,0.66,0.69,0.58,0.24,0.13
PH-101,SPIM,EC,80,PH,38.2168954,17.35,31.05,49.8,68.5,81.94,1.29698795,49.83,0.3229,0.49676923,1.53846154,0.35,48.48,47.58,52.42,1.25,0.93,0.95,0.7,0.29,0.11,0
PH-101,SPIM,EC,80,PH,38.2168954,17.35,31.05,49.8,68.5,81.94,1.29698795,49.83,0.3229,0.49676923,1.53846154,0.35,48.48,48.95,51.05,0.96,1.08,0.89,0.69,0.35,0.12,-0.01
PH-101,SPIM,EC,80,PH,38.2168954,17.35,31.05,49.8,68.5,81.94,1.29698795,49.83,0.3229,0.49676923,1.53846154,0.35,48.48,48.86,51.14,1.47,1,0.91,0.57,0.31,0.12,0.02
PH-101,SPIM,EC,80,PH,38.2168954,17.35,31.05,49.8,68.5,81.94,1.29698795,49.83,0.3229,0.49676923,1.53846154,0.35,48.48,46.51,53.49,1.09,1.12,1.02,0.6,0.31,0.1,0
PH-101,SPIM,AC,20,PH,38.2168954,17.35,31.05,49.8,68.5,81.94,1.29698795,49.83,0.3229,0.49676923,1.53846154,0.35,48.48,99.47,0.53,0.37,0.27,0.48,0.51,0.44,0.32,0.21
PH-101,SPIM,AC,20,PH,38.2168954,17.35,31.05,49.8,68.5,81.94,1.29698795,49.83,0.3229,0.49676923,1.53846154,0.35,48.48,94.91,5.09,0.41,0.27,0.5,0.56,0.53,0.32,0.16
PH-101,SPIM,AC,20,PH,38.2168954,17.35,31.05,49.8,68.5,81.94,1.29698795,49.83,0.3229,0.49676923,1.53846154,0.35,48.48,97.26,2.74,0.53,0.22,0.44,0.63,0.59,0.34,0.19
PH-101,SPIM,AC,20,PH,38.2168954,17.35,31.05,49.8,68.5,81.94,1.29698795,49.83,0.3229,0.49676923,1.53846154,0.35,48.48,95.54,4.46,0.47,0.24,0.6,0.75,0.45,0.33,0.22
PH-101,SPIM,AC,20,PH,38.2168954,17.35,31.05,49.8,68.5,81.94,1.29698795,49.83,0.3229,0.49676923,1.53846154,0.35,48.48,92.24,7.76,0.32,0.35,0.55,0.69,0.5,0.36,0.14
PH-101,SPIM,AC,20,PH,38.2168954,17.35,31.05,49.8,68.5,81.94,1.29698795,49.83,0.3229,0.49676923,1.53846154,0.35,48.48,103.63,-3.63,0.04,0.18,0.42,0.54,0.56,0.35,0.16
PH-101,SPIM,AC,40,PH,38.2168954,17.35,31.05,49.8,68.5,81.94,1.29698795,49.83,0.3229,0.49676923,1.53846154,0.35,48.48,88.79,11.21,0.78,0.29,0.55,0.66,0.47,0.29,0.17
PH-101,SPIM,AC,40,PH,38.2168954,17.35,31.05,49.8,68.5,81.94,1.29698795,49.83,0.3229,0.49676923,1.53846154,0.35,48.48,92.13,7.87,0.24,0.49,0.66,0.65,0.49,0.3,0.21
PH-101,SPIM,AC,40,PH,38.2168954,17.35,31.05,49.8,68.5,81.94,1.29698795,49.83,0.3229,0.49676923,1.53846154,0.35,48.48,88.47,11.53,0.61,0.52,0.42,0.67,0.48,0.29,0.17
PH-101,SPIM,AC,40,PH,38.2168954,17.35,31.05,49.8,68.5,81.94,1.29698795,49.83,0.3229,0.49676923,1.53846154,0.35,48.48,86.1,13.9,0.31,0.56,0.53,0.62,0.54,0.29,0.12
PH-101,SPIM,AC,40,PH,38.2168954,17.35,31.05,49.8,68.5,81.94,1.29698795,49.83,0.3229,0.49676923,1.53846154,0.35,48.48,90.5,9.5,0.41,0.28,0.6,0.67,0.51,0.3,0.15
PH-101,SPIM,AC,60,PH,38.2168954,17.35,31.05,49.8,68.5,81.94,1.29698795,49.83,0.3229,0.49676923,1.53846154,0.35,48.48,88.22,11.78,0.34,0.4,0.67,0.57,0.45,0.31,0.14
PH-101,SPIM,AC,60,PH,38.2168954,17.35,31.05,49.8,68.5,81.94,1.29698795,49.83,0.3229,0.49676923,1.53846154,0.35,48.48,80.5,19.5,0.69,0.67,0.55,0.56,0.51,0.26,0.13
PH-101,SPIM,AC,60,PH,38.2168954,17.35,31.05,49.8,68.5,81.94,1.29698795,49.83,0.3229,0.49676923,1.53846154,0.35,48.48,74.17,25.83,1.24,0.49,0.71,0.57,0.39,0.3,0.08
PH-101,SPIM,AC,60,PH,38.2168954,17.35,31.05,49.8,68.5,81.94,1.29698795,49.83,0.3229,0.49676923,1.53846154,0.35,48.48,72.56,27.44,0.86,0.52,0.73,0.71,0.36,0.21,0.09
PH-101,SPIM,AC,60,PH,38.2168954,17.35,31.05,49.8,68.5,81.94,1.29698795,49.83,0.3229,0.49676923,1.53846154,0.35,48.48,75.98,24.02,1.03,0.53,0.58,0.57,0.46,0.28,0.08
PH-101,SPIM,AC,80,PH,38.2168954,17.35,31.05,49.8,68.5,81.94,1.29698795,49.83,0.3229,0.49676923,1.53846154,0.35,48.48,75.37,24.63,0.59,0.66,0.79,0.54,0.46,0.25,0.09
PH-101,SPIM,AC,80,PH,38.2168954,17.35,31.05,49.8,68.5,81.94,1.29698795,49.83,0.3229,0.49676923,1.53846154,0.35,48.48,83.64,16.36,0.54,0.53,0.77,0.6,0.38,0.27,0.17
PH-101,SPIM,AC,80,PH,38.2168954,17.35,31.05,49.8,68.5,81.94,1.29698795,49.83,0.3229,0.49676923,1.53846154,0.35,48.48,78.71,21.29,0.64,0.55,0.74,0.52,0.46,0.28,0.1
PH-101,SPIM,AC,80,PH,38.2168954,17.35,31.05,49.8,68.5,81.94,1.29698795,49.83,0.3229,0.49676923,1.53846154,0.35,48.48,82.19,17.81,0.69,0.6,0.74,0.52,0.36,0.27,0.17
PH-101,SPIM,AC,80,PH,38.2168954,17.35,31.05,49.8,68.5,81.94,1.29698795,49.83,0.3229,0.49676923,1.53846154,0.35,48.48,74.62,25.38,0.8,0.74,0.67,0.53,0.43,0.25,0.1
PH-101,SPIM,AC,80,PH,38.2168954,17.35,31.05,49.8,68.5,81.94,1.29698795,49.83,0.3229,0.49676923,1.53846154,0.35,48.48,68.92,31.08,1.38,0.65,0.78,0.52,0.34,0.2,0.12
PH-102,SPIM,EC,20,PH,26.5048767,35.62,72.07,125.3,168.4,200.4,1.3150838,121.7,0.3252,0.47823529,1.47058824,0.32,46.64,95.26,4.74,0.06,0.22,0.43,0.87,0.66,0.27,0.24
PH-102,SPIM,EC,20,PH,26.5048767,35.62,72.07,125.3,168.4,200.4,1.3150838,121.7,0.3252,0.47823529,1.47058824,0.32,46.64,94.67,5.33,0.29,0.17,0.45,0.57,0.57,0.33,0.19
PH-102,SPIM,EC,20,PH,26.5048767,35.62,72.07,125.3,168.4,200.4,1.3150838,121.7,0.3252,0.47823529,1.47058824,0.32,46.64,93.07,6.93,0.49,0.18,0.36,0.53,0.54,0.3,0.18
PH-102,SPIM,EC,20,PH,26.5048767,35.62,72.07,125.3,168.4,200.4,1.3150838,121.7,0.3252,0.47823529,1.47058824,0.32,46.64,89.34,10.66,0.57,0.24,0.41,0.49,0.51,0.28,0.17
PH-102,SPIM,EC,40,PH,26.5048767,35.62,72.07,125.3,168.4,200.4,1.3150838,121.7,0.3252,0.47823529,1.47058824,0.32,46.64,83.81,16.19,0.86,0.47,0.5,0.62,0.49,0.49,0.12
PH-102,SPIM,EC,40,PH,26.5048767,35.62,72.07,125.3,168.4,200.4,1.3150838,121.7,0.3252,0.47823529,1.47058824,0.32,46.64,91.23,8.77,0.76,0.58,0.6,0.5,0.5,0.26,0.16
PH-102,SPIM,EC,40,PH,26.5048767,35.62,72.07,125.3,168.4,200.4,1.3150838,121.7,0.3252,0.47823529,1.47058824,0.32,46.64,98.07,1.93,0.49,0.27,0.4,0.56,0.54,0.38,0.15
PH-102,SPIM,EC,40,PH,26.5048767,35.62,72.07,125.3,168.4,200.4,1.3150838,121.7,0.3252,0.47823529,1.47058824,0.32,46.64,82.69,17.31,0.74,0.43,0.47,0.5,0.49,0.27,0.16
PH-102,SPIM,EC,40,PH,26.5048767,35.62,72.07,125.3,168.4,200.4,1.3150838,121.7,0.3252,0.47823529,1.47058824,0.32,46.64,90.5,9.5,0.59,0.27,0.41,0.49,0.5,0.37,0.16
PH-102,SPIM,EC,60,PH,26.5048767,35.62,72.07,125.3,168.4,200.4,1.3150838,121.7,0.3252,0.47823529,1.47058824,0.32,46.64,90.1,9.9,1,0.74,0.7,0.59,0.41,0.24,0.06
PH-102,SPIM,EC,60,PH,26.5048767,35.62,72.07,125.3,168.4,200.4,1.3150838,121.7,0.3252,0.47823529,1.47058824,0.32,46.64,84.75,15.25,0.71,0.7,0.74,0.65,0.42,0.26,0.06
PH-102,SPIM,EC,60,PH,26.5048767,35.62,72.07,125.3,168.4,200.4,1.3150838,121.7,0.3252,0.47823529,1.47058824,0.32,46.64,70.84,29.16,0.94,0.53,0.66,0.55,0.57,0.29,0.06
PH-102,SPIM,EC,60,PH,26.5048767,35.62,72.07,125.3,168.4,200.4,1.3150838,121.7,0.3252,0.47823529,1.47058824,0.32,46.64,83.46,16.54,0.76,0.43,0.5,0.57,0.53,0.33,0.16
PH-102,SPIM,EC,80,PH,26.5048767,35.62,72.07,125.3,168.4,200.4,1.3150838,121.7,0.3252,0.47823529,1.47058824,0.32,46.64,39.61,60.39,1.67,1.34,1.06,0.35,0.21,0.07,0.02
PH-102,SPIM,EC,80,PH,26.5048767,35.62,72.07,125.3,168.4,200.4,1.3150838,121.7,0.3252,0.47823529,1.47058824,0.32,46.64,44.8,55.2,1.33,1.11,1.04,0.65,0.28,0.07,0.01
PH-102,SPIM,EC,80,PH,26.5048767,35.62,72.07,125.3,168.4,200.4,1.3150838,121.7,0.3252,0.47823529,1.47058824,0.32,46.64,39.51,60.49,1.57,1.37,0.99,0.48,0.21,0.03,0.03
PH-102,SPIM,EC,80,PH,26.5048767,35.62,72.07,125.3,168.4,200.4,1.3150838,121.7,0.3252,0.47823529,1.47058824,0.32,46.64,49.37,50.63,1.55,1.24,0.95,0.45,0.25,0.11,0.08
PH-102,SPIM,AC,20,PH,26.5048767,35.62,72.07,125.3,168.4,200.4,1.3150838,121.7,0.3252,0.47823529,1.47058824,0.32,46.64,96.91,3.09,0.56,0.18,0.36,0.62,0.5,0.34,0.15
PH-102,SPIM,AC,20,PH,26.5048767,35.62,72.07,125.3,168.4,200.4,1.3150838,121.7,0.3252,0.47823529,1.47058824,0.32,46.64,96.63,3.37,0.56,0.18,0.51,0.54,0.49,0.35,0.17
PH-102,SPIM,AC,20,PH,26.5048767,35.62,72.07,125.3,168.4,200.4,1.3150838,121.7,0.3252,0.47823529,1.47058824,0.32,46.64,97.85,2.15,0.62,0.2,0.46,0.54,0.43,0.35,0.19
PH-102,SPIM,AC,20,PH,26.5048767,35.62,72.07,125.3,168.4,200.4,1.3150838,121.7,0.3252,0.47823529,1.47058824,0.32,46.64,96.88,3.12,0.61,0.22,0.38,0.66,0.52,0.33,0.18
PH-102,SPIM,AC,20,PH,26.5048767,35.62,72.07,125.3,168.4,200.4,1.3150838,121.7,0.3252,0.47823529,1.47058824,0.32,46.64,99.82,0.18,-0.11,0.28,0.57,0.56,0.6,0.3,0.18
PH-102,SPIM,AC,20,PH,26.5048767,35.62,72.07,125.3,168.4,200.4,1.3150838,121.7,0.3252,0.47823529,1.47058824,0.32,46.64,97.07,2.93,0.46,0.2,0.47,0.6,0.55,0.32,0.18
PH-102,SPIM,AC,40,PH,26.5048767,35.62,72.07,125.3,168.4,200.4,1.3150838,121.7,0.3252,0.47823529,1.47058824,0.32,46.64,94.42,5.58,0.2,0.29,0.58,0.58,0.55,0.28,0.17
PH-102,SPIM,AC,40,PH,26.5048767,35.62,72.07,125.3,168.4,200.4,1.3150838,121.7,0.3252,0.47823529,1.47058824,0.32,46.64,96.87,3.13,0.27,0.33,0.51,0.49,0.54,0.3,0.18
PH-102,SPIM,AC,40,PH,26.5048767,35.62,72.07,125.3,168.4,200.4,1.3150838,121.7,0.3252,0.47823529,1.47058824,0.32,46.64,99.45,0.55,0.17,0.27,0.55,0.56,0.48,0.35,0.19
PH-102,SPIM,AC,40,PH,26.5048767,35.62,72.07,125.3,168.4,200.4,1.3150838,121.7,0.3252,0.47823529,1.47058824,0.32,46.64,97.9,2.1,0.21,0.28,0.53,0.63,0.5,0.36,0.17
PH-102,SPIM,AC,60,PH,26.5048767,35.62,72.07,125.3,168.4,200.4,1.3150838,121.7,0.3252,0.47823529,1.47058824,0.32,46.64,90.11,9.89,0.2,0.4,0.67,0.62,0.48,0.32,0.14
PH-102,SPIM,AC,60,PH,26.5048767,35.62,72.07,125.3,168.4,200.4,1.3150838,121.7,0.3252,0.47823529,1.47058824,0.32,46.64,88.23,11.77,0.31,0.51,0.66,0.67,0.46,0.29,0.17
PH-102,SPIM,AC,60,PH,26.5048767,35.62,72.07,125.3,168.4,200.4,1.3150838,121.7,0.3252,0.47823529,1.47058824,0.32,46.64,88.52,11.48,0.46,0.43,0.65,0.6,0.44,0.31,0.16
PH-102,SPIM,AC,60,PH,26.5048767,35.62,72.07,125.3,168.4,200.4,1.3150838,121.7,0.3252,0.47823529,1.47058824,0.32,46.64,86.98,13.02,0.37,0.36,0.73,0.7,0.47,0.32,0.13
PH-102,SPIM,AC,80,PH,26.5048767,35.62,72.07,125.3,168.4,200.4,1.3150838,121.7,0.3252,0.47823529,1.47058824,0.32,46.64,78.75,21.25,0.57,0.64,0.75,0.55,0.38,0.25,0.13
PH-102,SPIM,AC,80,PH,26.5048767,35.62,72.07,125.3,168.4,200.4,1.3150838,121.7,0.3252,0.47823529,1.47058824,0.32,46.64,78.69,21.31,0.61,0.67,0.78,0.5,0.51,0.27,0.12
PH-102,SPIM,AC,80,PH,26.5048767,35.62,72.07,125.3,168.4,200.4,1.3150838,121.7,0.3252,0.47823529,1.47058824,0.32,46.64,82.03,17.97,0.67,0.67,0.63,0.51,0.46,0.28,0.15
PH-102,SPIM,AC,80,PH,26.5048767,35.62,72.07,125.3,168.4,200.4,1.3150838,121.7,0.3252,0.47823529,1.47058824,0.32,46.64,80.06,19.94,0.63,0.52,0.72,0.59,0.36,0.26,0.13
UF-702,SPIM,EC,20,UF,23.9928369,38.47,78.95,127.9,166.9,196.9,1.23870211,123,0.3051,0.42375,1.38888889,0.28,45.98,99.27,0.73,0.08,0.27,0.42,0.6,0.51,0.34,0.25
UF-702,SPIM,EC,20,UF,23.9928369,38.47,78.95,127.9,166.9,196.9,1.23870211,123,0.3051,0.42375,1.38888889,0.28,45.98,97.03,2.97,0.06,0.27,0.48,0.52,0.54,0.38,0.2
UF-702,SPIM,EC,20,UF,23.9928369,38.47,78.95,127.9,166.9,196.9,1.23870211,123,0.3051,0.42375,1.38888889,0.28,45.98,93.91,6.09,0.45,0.33,0.46,0.48,0.56,0.38,0.21
UF-702,SPIM,EC,20,UF,23.9928369,38.47,78.95,127.9,166.9,196.9,1.23870211,123,0.3051,0.42375,1.38888889,0.28,45.98,92.74,7.26,0.21,0.28,0.48,0.61,0.51,0.39,0.17
UF-702,SPIM,EC,40,UF,23.9928369,38.47,78.95,127.9,166.9,196.9,1.23870211,123,0.3051,0.42375,1.38888889,0.28,45.98,94,6,0.12,0.26,0.46,0.58,0.51,0.31,0.19
UF-702,SPIM,EC,40,UF,23.9928369,38.47,78.95,127.9,166.9,196.9,1.23870211,123,0.3051,0.42375,1.38888889,0.28,45.98,94.06,5.94,0.27,0.24,0.49,0.56,0.57,0.36,0.19
UF-702,SPIM,EC,40,UF,23.9928369,38.47,78.95,127.9,166.9,196.9,1.23870211,123,0.3051,0.42375,1.38888889,0.28,45.98,95.52,4.48,0.2,0.3,0.41,0.54,0.53,0.32,0.21
UF-702,SPIM,EC,40,UF,23.9928369,38.47,78.95,127.9,166.9,196.9,1.23870211,123,0.3051,0.42375,1.38888889,0.28,45.98,97.13,2.87,0.22,0.25,0.41,0.53,0.59,0.37,0.2
UF-702,SPIM,EC,60,UF,23.9928369,38.47,78.95,127.9,166.9,196.9,1.23870211,123,0.3051,0.42375,1.38888889,0.28,45.98,77.52,22.48,0.99,0.63,0.5,0.59,0.46,0.28,0.17
UF-702,SPIM,EC,60,UF,23.9928369,38.47,78.95,127.9,166.9,196.9,1.23870211,123,0.3051,0.42375,1.38888889,0.28,45.98,74.25,25.75,0.83,1.35,0.73,0.45,0.27,0.17,0.11
UF-702,SPIM,EC,60,UF,23.9928369,38.47,78.95,127.9,166.9,196.9,1.23870211,123,0.3051,0.42375,1.38888889,0.28,45.98,70.83,29.17,0.89,0.6,0.6,0.65,0.55,0.27,0.11
UF-702,SPIM,EC,60,UF,23.9928369,38.47,78.95,127.9,166.9,196.9,1.23870211,123,0.3051,0.42375,1.38888889,0.28,45.98,73.27,26.73,0.84,0.49,0.64,0.66,0.46,0.31,0.1
UF-702,SPIM,EC,80,UF,23.9928369,38.47,78.95,127.9,166.9,196.9,1.23870211,123,0.3051,0.42375,1.38888889,0.28,45.98,74.88,25.12,1.35,1.19,1,0.54,0.35,0.11,0.02
UF-702,SPIM,EC,80,UF,23.9928369,38.47,78.95,127.9,166.9,196.9,1.23870211,123,0.3051,0.42375,1.38888889,0.28,45.98,47.17,52.83,1.16,0.97,0.87,0.58,0.33,0.16,0.06
UF-702,SPIM,EC,80,UF,23.9928369,38.47,78.95,127.9,166.9,196.9,1.23870211,123,0.3051,0.42375,1.38888889,0.28,45.98,55.71,44.29,1.51,0.65,0.59,0.54,0.38,0.25,0.13
UF-702,SPIM,EC,80,UF,23.9928369,38.47,78.95,127.9,166.9,196.9,1.23870211,123,0.3051,0.42375,1.38888889,0.28,45.98,37.11,62.89,2.01,1.39,0.95,0.41,0.26,0.04,0.01
UF-702,SPIM,EC,80,UF,23.9928369,38.47,78.95,127.9,166.9,196.9,1.23870211,123,0.3051,0.42375,1.38888889,0.28,45.98,45.54,54.46,1.53,1.04,0.99,0.49,0.33,0.09,0.01
UF-702,SPIM,AC,20,UF,23.9928369,38.47,78.95,127.9,166.9,196.9,1.23870211,123,0.3051,0.42375,1.38888889,0.28,45.98,87.13,12.87,0.37,0.24,0.72,0.74,0.45,0.26,0.14
UF-702,SPIM,AC,20,UF,23.9928369,38.47,78.95,127.9,166.9,196.9,1.23870211,123,0.3051,0.42375,1.38888889,0.28,45.98,90.62,9.38,0.35,0.26,0.57,0.71,0.52,0.28,0.14
UF-702,SPIM,AC,20,UF,23.9928369,38.47,78.95,127.9,166.9,196.9,1.23870211,123,0.3051,0.42375,1.38888889,0.28,45.98,89.8,10.2,0.28,0.16,0.65,0.78,0.45,0.3,0.11
UF-702,SPIM,AC,20,UF,23.9928369,38.47,78.95,127.9,166.9,196.9,1.23870211,123,0.3051,0.42375,1.38888889,0.28,45.98,80.83,19.17,0.3,0.33,0.9,0.71,0.4,0.25,0.1
UF-702,SPIM,AC,40,UF,23.9928369,38.47,78.95,127.9,166.9,196.9,1.23870211,123,0.3051,0.42375,1.38888889,0.28,45.98,100.54,-0.54,0.37,0.28,0.42,0.59,0.55,0.36,0.2
UF-702,SPIM,AC,40,UF,23.9928369,38.47,78.95,127.9,166.9,196.9,1.23870211,123,0.3051,0.42375,1.38888889,0.28,45.98,100.75,-0.75,0.46,0.27,0.45,0.49,0.56,0.34,0.22
UF-702,SPIM,AC,40,UF,23.9928369,38.47,78.95,127.9,166.9,196.9,1.23870211,123,0.3051,0.42375,1.38888889,0.28,45.98,97.86,2.14,0.3,0.21,0.59,0.65,0.47,0.35,0.19
UF-702,SPIM,AC,40,UF,23.9928369,38.47,78.95,127.9,166.9,196.9,1.23870211,123,0.3051,0.42375,1.38888889,0.28,45.98,96.03,3.97,0.67,0.23,0.47,0.54,0.6,0.32,0.2
UF-702,SPIM,AC,60,UF,23.9928369,38.47,78.95,127.9,166.9,196.9,1.23870211,123,0.3051,0.42375,1.38888889,0.28,45.98,96.52,3.48,0.02,0.26,0.66,0.61,0.53,0.34,0.16
UF-702,SPIM,AC,60,UF,23.9928369,38.47,78.95,127.9,166.9,196.9,1.23870211,123,0.3051,0.42375,1.38888889,0.28,45.98,95.81,4.19,-0.02,0.39,0.66,0.64,0.4,0.34,0.18
UF-702,SPIM,AC,60,UF,23.9928369,38.47,78.95,127.9,166.9,196.9,1.23870211,123,0.3051,0.42375,1.38888889,0.28,45.98,89.06,10.94,0.62,0.35,0.72,0.61,0.46,0.31,0.19
UF-702,SPIM,AC,60,UF,23.9928369,38.47,78.95,127.9,166.9,196.9,1.23870211,123,0.3051,0.42375,1.38888889,0.28,45.98,93.35,6.65,0.2,0.38,0.61,0.64,0.47,0.35,0.16
UF-702,SPIM,AC,80,UF,23.9928369,38.47,78.95,127.9,166.9,196.9,1.23870211,123,0.3051,0.42375,1.38888889,0.28,45.98,71.89,28.11,0.52,0.72,0.89,0.62,0.45,0.21,0.09
UF-702,SPIM,AC,80,UF,23.9928369,38.47,78.95,127.9,166.9,196.9,1.23870211,123,0.3051,0.42375,1.38888889,0.28,45.98,73.4,26.6,0.53,0.71,0.9,0.62,0.42,0.23,0.1
UF-702,SPIM,AC,80,UF,23.9928369,38.47,78.95,127.9,166.9,196.9,1.23870211,123,0.3051,0.42375,1.38888889,0.28,45.98,69.62,30.38,0.56,0.76,1.01,0.58,0.44,0.18,0.1
UF-702,SPIM,AC,80,UF,23.9928369,38.47,78.95,127.9,166.9,196.9,1.23870211,123,0.3051,0.42375,1.38888889,0.28,45.98,71.57,28.43,0.47,0.79,0.93,0.6,0.44,0.2,0.1
UF-711,SPIM,EC,20,UF,32.9675016,20.65,33.78,52.05,70.6,81.99,1.17848223,51.85,0.2644,0.41968254,1.58730159,0.37,45.02,104.41,-4.41,-0.09,0.19,0.42,0.54,0.55,0.34,0.26
UF-711,SPIM,EC,20,UF,32.9675016,20.65,33.78,52.05,70.6,81.99,1.17848223,51.85,0.2644,0.41968254,1.58730159,0.37,45.02,95.23,4.77,0.24,0.16,0.4,0.66,0.55,0.33,0.18
UF-711,SPIM,EC,20,UF,32.9675016,20.65,33.78,52.05,70.6,81.99,1.17848223,51.85,0.2644,0.41968254,1.58730159,0.37,45.02,102.42,-2.42,-0.02,0.21,0.41,0.54,0.57,0.37,0.24
UF-711,SPIM,EC,20,UF,32.9675016,20.65,33.78,52.05,70.6,81.99,1.17848223,51.85,0.2644,0.41968254,1.58730159,0.37,45.02,90.24,9.76,0.22,0.25,0.54,0.58,0.46,0.33,0.16
UF-711,SPIM,EC,40,UF,32.9675016,20.65,33.78,52.05,70.6,81.99,1.17848223,51.85,0.2644,0.41968254,1.58730159,0.37,45.02,99.91,0.09,0.05,0.18,0.41,0.58,0.54,0.38,0.2
UF-711,SPIM,EC,40,UF,32.9675016,20.65,33.78,52.05,70.6,81.99,1.17848223,51.85,0.2644,0.41968254,1.58730159,0.37,45.02,98.39,1.61,0.05,0.19,0.47,0.55,0.62,0.4,0.19
UF-711,SPIM,EC,40,UF,32.9675016,20.65,33.78,52.05,70.6,81.99,1.17848223,51.85,0.2644,0.41968254,1.58730159,0.37,45.02,98.81,1.19,-0.06,0.21,0.51,0.55,0.64,0.39,0.2
UF-711,SPIM,EC,40,UF,32.9675016,20.65,33.78,52.05,70.6,81.99,1.17848223,51.85,0.2644,0.41968254,1.58730159,0.37,45.02,98.34,1.66,0.05,0.22,0.47,0.62,0.59,0.37,0.22
UF-711,SPIM,EC,60,UF,32.9675016,20.65,33.78,52.05,70.6,81.99,1.17848223,51.85,0.2644,0.41968254,1.58730159,0.37,45.02,84.7,15.3,0.33,0.49,0.61,0.62,0.49,0.3,0.18
UF-711,SPIM,EC,60,UF,32.9675016,20.65,33.78,52.05,70.6,81.99,1.17848223,51.85,0.2644,0.41968254,1.58730159,0.37,45.02,89.89,10.11,0.22,0.43,0.53,0.69,0.54,0.34,0.2
UF-711,SPIM,EC,60,UF,32.9675016,20.65,33.78,52.05,70.6,81.99,1.17848223,51.85,0.2644,0.41968254,1.58730159,0.37,45.02,82.44,17.56,0.33,0.48,0.58,0.68,0.49,0.3,0.14
UF-711,SPIM,EC,60,UF,32.9675016,20.65,33.78,52.05,70.6,81.99,1.17848223,51.85,0.2644,0.41968254,1.58730159,0.37,45.02,82.05,17.95,0.48,0.52,0.54,0.65,0.52,0.31,0.15
UF-711,SPIM,EC,80,UF,32.9675016,20.65,33.78,52.05,70.6,81.99,1.17848223,51.85,0.2644,0.41968254,1.58730159,0.37,45.02,78.31,21.69,0.55,0.57,0.58,0.58,0.56,0.32,0.11
UF-711,SPIM,EC,80,UF,32.9675016,20.65,33.78,52.05,70.6,81.99,1.17848223,51.85,0.2644,0.41968254,1.58730159,0.37,45.02,72.45,27.55,1.15,0.61,0.61,0.46,0.5,0.22,0.15
UF-711,SPIM,EC,80,UF,32.9675016,20.65,33.78,52.05,70.6,81.99,1.17848223,51.85,0.2644,0.41968254,1.58730159,0.37,45.02,65.51,34.49,0.99,0.85,0.72,0.48,0.48,0.22,0.1
UF-711,SPIM,EC,80,UF,32.9675016,20.65,33.78,52.05,70.6,81.99,1.17848223,51.85,0.2644,0.41968254,1.58730159,0.37,45.02,72.72,27.28,0.81,0.74,0.62,0.62,0.38,0.32,0.1
UF-711,SPIM,AC,20,UF,32.9675016,20.65,33.78,52.05,70.6,81.99,1.17848223,51.85,0.2644,0.41968254,1.58730159,0.37,45.02,97.03,2.97,0.19,0.26,0.56,0.56,0.58,0.33,0.17
UF-711,SPIM,AC,20,UF,32.9675016,20.65,33.78,52.05,70.6,81.99,1.17848223,51.85,0.2644,0.41968254,1.58730159,0.37,45.02,95.71,4.29,0.42,0.23,0.51,0.61,0.52,0.33,0.17
UF-711,SPIM,AC,20,UF,32.9675016,20.65,33.78,52.05,70.6,81.99,1.17848223,51.85,0.2644,0.41968254,1.58730159,0.37,45.02,99.38,0.62,0.28,0.18,0.47,0.54,0.6,0.31,0.17
UF-711,SPIM,AC,20,UF,32.9675016,20.65,33.78,52.05,70.6,81.99,1.17848223,51.85,0.2644,0.41968254,1.58730159,0.37,45.02,93.73,6.27,0.24,0.3,0.57,0.62,0.55,0.29,0.17
UF-711,SPIM,AC,40,UF,32.9675016,20.65,33.78,52.05,70.6,81.99,1.17848223,51.85,0.2644,0.41968254,1.58730159,0.37,45.02,91.11,8.89,0.3,0.45,0.64,0.58,0.52,0.33,0.17
UF-711,SPIM,AC,40,UF,32.9675016,20.65,33.78,52.05,70.6,81.99,1.17848223,51.85,0.2644,0.41968254,1.58730159,0.37,45.02,92.47,7.53,0.38,0.36,0.59,0.53,0.58,0.37,0.14
UF-711,SPIM,AC,40,UF,32.9675016,20.65,33.78,52.05,70.6,81.99,1.17848223,51.85,0.2644,0.41968254,1.58730159,0.37,45.02,93.98,6.02,0.27,0.33,0.53,0.59,0.55,0.34,0.15
UF-711,SPIM,AC,40,UF,32.9675016,20.65,33.78,52.05,70.6,81.99,1.17848223,51.85,0.2644,0.41968254,1.58730159,0.37,45.02,99.57,0.43,0.22,0.34,0.48,0.56,0.53,0.35,0.2
UF-711,SPIM,AC,60,UF,32.9675016,20.65,33.78,52.05,70.6,81.99,1.17848223,51.85,0.2644,0.41968254,1.58730159,0.37,45.02,81.74,18.26,0.71,0.42,0.64,0.64,0.45,0.3,0.1
UF-711,SPIM,AC,60,UF,32.9675016,20.65,33.78,52.05,70.6,81.99,1.17848223,51.85,0.2644,0.41968254,1.58730159,0.37,45.02,83.92,16.08,0.45,0.54,0.64,0.56,0.53,0.28,0.12
UF-711,SPIM,AC,60,UF,32.9675016,20.65,33.78,52.05,70.6,81.99,1.17848223,51.85,0.2644,0.41968254,1.58730159,0.37,45.02,88.4,11.6,0.25,0.38,0.71,0.68,0.47,0.28,0.15
UF-711,SPIM,AC,60,UF,32.9675016,20.65,33.78,52.05,70.6,81.99,1.17848223,51.85,0.2644,0.41968254,1.58730159,0.37,45.02,85.96,14.04,0.47,0.43,0.71,0.62,0.46,0.3,0.14
UF-711,SPIM,AC,80,UF,32.9675016,20.65,33.78,52.05,70.6,81.99,1.17848223,51.85,0.2644,0.41968254,1.58730159,0.37,45.02,51.86,48.14,1.76,1.15,0.82,0.45,0.29,0.13,0.05
UF-711,SPIM,AC,80,UF,32.9675016,20.65,33.78,52.05,70.6,81.99,1.17848223,51.85,0.2644,0.41968254,1.58730159,0.37,45.02,49.34,50.66,1.6,1.29,0.87,0.46,0.19,0.13,0.04
UF-711,SPIM,AC,80,UF,32.9675016,20.65,33.78,52.05,70.6,81.99,1.17848223,51.85,0.2644,0.41968254,1.58730159,0.37,45.02,60.26,39.74,1.52,0.94,0.82,0.55,0.28,0.15,0.1
UF-711,SPIM,AC,80,UF,32.9675016,20.65,33.78,52.05,70.6,81.99,1.17848223,51.85,0.2644,0.41968254,1.58730159,0.37,45.02,52.36,47.64,1.57,1.11,0.69,0.49,0.29,0.19,0
KG-802,SPIM,EC,20,KG,37.2681543,18.06,30.97,49.05,68.51,80.68,1.27665647,49.28,0.2562,0.427,1.66666667,0.4,45.72,95.48,4.52,0.09,0.26,0.5,0.66,0.62,0.36,0.21
KG-802,SPIM,EC,20,KG,37.2681543,18.06,30.97,49.05,68.51,80.68,1.27665647,49.28,0.2562,0.427,1.66666667,0.4,45.72,87.8,12.2,0.26,0.24,0.44,0.68,0.68,0.35,0.25
KG-802,SPIM,EC,20,KG,37.2681543,18.06,30.97,49.05,68.51,80.68,1.27665647,49.28,0.2562,0.427,1.66666667,0.4,45.72,85.37,14.63,0.34,0.26,0.53,0.89,0.68,0.33,0.13
KG-802,SPIM,EC,20,KG,37.2681543,18.06,30.97,49.05,68.51,80.68,1.27665647,49.28,0.2562,0.427,1.66666667,0.4,45.72,99.57,0.43,0.18,0.25,0.39,0.57,0.58,0.35,0.25
KG-802,SPIM,EC,40,KG,37.2681543,18.06,30.97,49.05,68.51,80.68,1.27665647,49.28,0.2562,0.427,1.66666667,0.4,45.72,89.74,10.26,0.3,0.38,0.45,0.58,0.54,0.33,0.17
KG-802,SPIM,EC,40,KG,37.2681543,18.06,30.97,49.05,68.51,80.68,1.27665647,49.28,0.2562,0.427,1.66666667,0.4,45.72,89.09,10.91,0.52,0.42,0.48,0.46,0.64,0.33,0.19
KG-802,SPIM,EC,40,KG,37.2681543,18.06,30.97,49.05,68.51,80.68,1.27665647,49.28,0.2562,0.427,1.66666667,0.4,45.72,93.73,6.27,0.17,0.28,0.48,0.57,0.56,0.35,0.18
KG-802,SPIM,EC,40,KG,37.2681543,18.06,30.97,49.05,68.51,80.68,1.27665647,49.28,0.2562,0.427,1.66666667,0.4,45.72,96.32,3.68,0.38,0.3,0.35,0.58,0.48,0.36,0.23
KG-802,SPIM,EC,60,KG,37.2681543,18.06,30.97,49.05,68.51,80.68,1.27665647,49.28,0.2562,0.427,1.66666667,0.4,45.72,73.06,26.94,1.06,0.79,0.82,0.68,0.42,0.17,0.07
KG-802,SPIM,EC,60,KG,37.2681543,18.06,30.97,49.05,68.51,80.68,1.27665647,49.28,0.2562,0.427,1.66666667,0.4,45.72,85,15,0.61,0.62,0.64,0.74,0.46,0.25,0.11
KG-802,SPIM,EC,60,KG,37.2681543,18.06,30.97,49.05,68.51,80.68,1.27665647,49.28,0.2562,0.427,1.66666667,0.4,45.72,72.02,27.98,0.54,0.42,0.52,0.58,0.46,0.33,0.16
KG-802,SPIM,EC,60,KG,37.2681543,18.06,30.97,49.05,68.51,80.68,1.27665647,49.28,0.2562,0.427,1.66666667,0.4,45.72,65.11,34.89,1.18,0.55,0.58,0.53,0.46,0.27,0.12
KG-802,SPIM,EC,80,KG,37.2681543,18.06,30.97,49.05,68.51,80.68,1.27665647,49.28,0.2562,0.427,1.66666667,0.4,45.72,38.89,61.11,1.74,1.42,0.79,0.46,0.19,0.11,0.07
KG-802,SPIM,EC,80,KG,37.2681543,18.06,30.97,49.05,68.51,80.68,1.27665647,49.28,0.2562,0.427,1.66666667,0.4,45.72,46.32,53.68,1.57,1.07,0.74,0.57,0.27,0.17,0.07
KG-802,SPIM,EC,80,KG,37.2681543,18.06,30.97,49.05,68.51,80.68,1.27665647,49.28,0.2562,0.427,1.66666667,0.4,45.72,37.51,62.49,1.76,0.92,0.5,0.37,0.4,0.19,0.12
KG-802,SPIM,EC,80,KG,37.2681543,18.06,30.97,49.05,68.51,80.68,1.27665647,49.28,0.2562,0.427,1.66666667,0.4,45.72,29.42,70.58,2.77,1.76,0.72,0.32,0.04,0.07,0
KG-802,SPIM,AC,20,KG,37.2681543,18.06,30.97,49.05,68.51,80.68,1.27665647,49.28,0.2562,0.427,1.66666667,0.4,45.72,82.02,17.98,0.93,0.37,0.62,0.6,0.44,0.25,0.14
KG-802,SPIM,AC,20,KG,37.2681543,18.06,30.97,49.05,68.51,80.68,1.27665647,49.28,0.2562,0.427,1.66666667,0.4,45.72,88.05,11.95,0.36,0.36,0.66,0.69,0.45,0.29,0.14
KG-802,SPIM,AC,20,KG,37.2681543,18.06,30.97,49.05,68.51,80.68,1.27665647,49.28,0.2562,0.427,1.66666667,0.4,45.72,87.53,12.47,0.4,0.36,0.73,0.6,0.45,0.29,0.15
KG-802,SPIM,AC,20,KG,37.2681543,18.06,30.97,49.05,68.51,80.68,1.27665647,49.28,0.2562,0.427,1.66666667,0.4,45.72,84.71,15.29,0.79,0.33,0.66,0.59,0.45,0.29,0.14
KG-802,SPIM,AC,40,KG,37.2681543,18.06,30.97,49.05,68.51,80.68,1.27665647,49.28,0.2562,0.427,1.66666667,0.4,45.72,94.18,5.82,0.39,0.22,0.48,0.52,0.4,0.27,0.15
KG-802,SPIM,AC,40,KG,37.2681543,18.06,30.97,49.05,68.51,80.68,1.27665647,49.28,0.2562,0.427,1.66666667,0.4,45.72,93.61,6.39,0.24,0.36,0.67,0.55,0.51,0.34,0.17
KG-802,SPIM,AC,40,KG,37.2681543,18.06,30.97,49.05,68.51,80.68,1.27665647,49.28,0.2562,0.427,1.66666667,0.4,45.72,92.39,7.61,0.44,0.42,0.5,0.54,0.57,0.34,0.15
KG-802,SPIM,AC,40,KG,37.2681543,18.06,30.97,49.05,68.51,80.68,1.27665647,49.28,0.2562,0.427,1.66666667,0.4,45.72,88.59,11.41,0.39,0.39,0.63,0.59,0.53,0.3,0.14
KG-802,SPIM,AC,60,KG,37.2681543,18.06,30.97,49.05,68.51,80.68,1.27665647,49.28,0.2562,0.427,1.66666667,0.4,45.72,74.78,25.22,0.59,0.77,0.79,0.57,0.39,0.23,0.12
KG-802,SPIM,AC,60,KG,37.2681543,18.06,30.97,49.05,68.51,80.68,1.27665647,49.28,0.2562,0.427,1.66666667,0.4,45.72,81.57,18.43,0.53,0.55,0.71,0.72,0.44,0.22,0.16
KG-802,SPIM,AC,60,KG,37.2681543,18.06,30.97,49.05,68.51,80.68,1.27665647,49.28,0.2562,0.427,1.66666667,0.4,45.72,88.31,11.69,0.41,0.45,0.64,0.61,0.45,0.29,0.16
KG-802,SPIM,AC,60,KG,37.2681543,18.06,30.97,49.05,68.51,80.68,1.27665647,49.28,0.2562,0.427,1.66666667,0.4,45.72,83.56,16.44,0.35,0.62,0.74,0.56,0.41,0.28,0.15
KG-802,SPIM,AC,80,KG,37.2681543,18.06,30.97,49.05,68.51,80.68,1.27665647,49.28,0.2562,0.427,1.66666667,0.4,45.72,62.7,37.3,0.8,0.97,0.92,0.57,0.37,0.17,0.07
KG-802,SPIM,AC,80,KG,37.2681543,18.06,30.97,49.05,68.51,80.68,1.27665647,49.28,0.2562,0.427,1.66666667,0.4,45.72,59.03,40.97,0.92,1.1,0.94,0.55,0.33,0.16,0.06
KG-802,SPIM,AC,80,KG,37.2681543,18.06,30.97,49.05,68.51,80.68,1.27665647,49.28,0.2562,0.427,1.66666667,0.4,45.72,64.62,35.38,0.75,0.96,0.97,0.51,0.41,0.16,0.09
KG-802,SPIM,AC,80,KG,37.2681543,18.06,30.97,49.05,68.51,80.68,1.27665647,49.28,0.2562,0.427,1.66666667,0.4,45.72,61.16,38.84,1,1.1,0.88,0.49,0.34,0.17,0.08